source_prescription,target_entity,target_type,relation_type,property
葛根汤,葛根,Herb,composition,四两（12g）
葛根汤,麻黄,Herb,composition,三两（9g）
葛根汤,桂枝,Herb,composition,二两（6g）
葛根汤,芍药,Herb,composition,二两（6g）
葛根汤,甘草,Herb,composition,二两（6g）
葛根汤,生姜,Herb,composition,三两（9g）
葛根汤,大枣,Herb,composition,十二枚
葛根汤,伤寒论,Source,source,
葛根汤,辛温解表剂,Category,category,
三物黄芩汤,黄芩,Herb,composition,6g
三物黄芩汤,苦参,Herb,composition,6g
三物黄芩汤,干地黄,Herb,composition,12g
三物黄芩汤,备急千金要方,Source,source,卷三
三物黄芩汤,清热剂,Category,category,
参附龙牡汤,熟附子,Herb,composition,10~30g
参附龙牡汤,人参,Herb,composition,10~30g
参附龙牡汤,龙骨,Herb,composition,10~25g (煅，打碎)
参附龙牡汤,牡蛎,Herb,composition,10~25g (煅，打碎)
参附龙牡汤,白芍,Herb,composition,5g
参附龙牡汤,炙甘草,Herb,composition,5g
参附龙牡汤,方剂学,Source,source,
参附龙牡汤,敛汗潜阳，扶正固脱,Category,category,
麻黄杏仁甘草石膏汤,麻黄,Herb,composition,三钱(9克)
麻黄杏仁甘草石膏汤,杏仁,Herb,composition,三钱(9克)
麻黄杏仁甘草石膏汤,甘草,Herb,composition,两钱(6克)
麻黄杏仁甘草石膏汤,石膏,Herb,composition,一两(30克) (先煎)
麻黄杏仁甘草石膏汤,伤寒论,Source,source,
麻黄杏仁甘草石膏汤,解表剂,Category,category,
当归四逆加吴茱萸生姜汤,当归,Herb,composition,9克
当归四逆加吴茱萸生姜汤,芍药,Herb,composition,9克
当归四逆加吴茱萸生姜汤,甘草,Herb,composition,6克（炙）
当归四逆加吴茱萸生姜汤,通草,Herb,composition,3克
当归四逆加吴茱萸生姜汤,桂枝,Herb,composition,9克（去皮）
当归四逆加吴茱萸生姜汤,细辛,Herb,composition,1.5克
当归四逆加吴茱萸生姜汤,生姜,Herb,composition,15克（切）
当归四逆加吴茱萸生姜汤,吴茱萸,Herb,composition,5克
当归四逆加吴茱萸生姜汤,大枣,Herb,composition,5枚（擘）
当归四逆加吴茱萸生姜汤,伤寒论,Source,source,
当归四逆加吴茱萸生姜汤,温里剂,Category,category,
参附汤,人参,Herb,composition,一两(30克)
参附汤,附子,Herb,composition,半两(10克)
参附汤,妇人良方大全,Source,source,
参附汤,回阳救逆、益气固脱之要方,Category,category,
养阴清肺汤,大生地,Herb,composition,6g
养阴清肺汤,麦冬,Herb,composition,9g
养阴清肺汤,玄参,Herb,composition,9g
养阴清肺汤,生甘草,Herb,composition,3g
养阴清肺汤,薄荷,Herb,composition,3g
养阴清肺汤,贝母(去心),Herb,composition,5g
养阴清肺汤,丹皮,Herb,composition,5g
养阴清肺汤,白芍(炒),Herb,composition,5g
养阴清肺汤,重楼玉钥,Source,source,
养阴清肺汤,治燥剂,Category,category,
四逆加人参汤,甘草,Herb,composition,6克（炙）
四逆加人参汤,附子,Herb,composition,10克（生，去皮）
四逆加人参汤,干姜,Herb,composition,4.5克
四逆加人参汤,人参,Herb,composition,3克
四逆加人参汤,伤寒论,Source,source,
四逆加人参汤,温里类,Category,category,
五积散,苍术,Herb,composition,二十两(600克)
五积散,桔梗,Herb,composition,二十两(600克)
五积散,枳壳,Herb,composition,六两(180克)
五积散,陈皮,Herb,composition,六两(180克)
五积散,芍药,Herb,composition,三两(90克)
五积散,白芷,Herb,composition,三两(90克)
五积散,川芎,Herb,composition,三两(90克)
五积散,当归,Herb,composition,三两(90克)
五积散,甘草,Herb,composition,三两(90克)
五积散,肉桂,Herb,composition,三两(90克)
五积散,茯苓,Herb,composition,三两(90克)
五积散,半夏,Herb,composition,三两(90克)
五积散,厚朴,Herb,composition,四两(120克)
五积散,干姜,Herb,composition,四两(120克)
五积散,麻黄,Herb,composition,六两(180克)
五积散,仙授理伤续断秘方,Source,source,
五积散,宋·太平惠民和剂局方,Source,source,
五积散,温里剂,Category,category,
柴胡疏肝散,醋炒陈皮,Herb,composition,6g
柴胡疏肝散,柴胡,Herb,composition,6g
柴胡疏肝散,川芎,Herb,composition,5g
柴胡疏肝散,香附,Herb,composition,5g
柴胡疏肝散,枳壳麸炒,Herb,composition,5g
柴胡疏肝散,芍药,Herb,composition,5g
柴胡疏肝散,甘草炙,Herb,composition,3g
柴胡疏肝散,医学统旨,Source,source,
柴胡疏肝散,理气和解剂,Category,category,
牛蒡解肌汤,牛蒡子,Herb,composition,9克
牛蒡解肌汤,薄荷,Herb,composition,3克
牛蒡解肌汤,荆芥,Herb,composition,12克
牛蒡解肌汤,连翘,Herb,composition,9克
牛蒡解肌汤,山栀子,Herb,composition,9克
牛蒡解肌汤,牡丹皮,Herb,composition,9克
牛蒡解肌汤,石斛,Herb,composition,9克
牛蒡解肌汤,玄参,Herb,composition,9克
牛蒡解肌汤,夏枯草,Herb,composition,9克
牛蒡解肌汤,疡科心得集,Source,source,
牛蒡解肌汤,理气剂,Category,category,
清经散,牡丹皮,Herb,composition,9克
清经散,地骨皮,Herb,composition,15克
清经散,白芍（酒炒）,Herb,composition,9克
清经散,大熟地黄（九蒸）,Herb,composition,6克
清经散,青蒿,Herb,composition,6克
清经散,白茯苓,Herb,composition,3克
清经散,黄柏（盐水浸炒）,Herb,composition,1.5克
清经散,傅青主女科,Source,source,
清经散,开窍剂,Category,category,
玉液汤,生山药,Herb,composition,一两(30克)
玉液汤,生黄芪,Herb,composition,五钱(15克)
玉液汤,知母,Herb,composition,六钱(18克)
玉液汤,生鸡内金,Herb,composition,捣细，二钱(6克)
玉液汤,葛根,Herb,composition,一钱半(4.5克)
玉液汤,五味子,Herb,composition,三钱(9克)
玉液汤,天花粉,Herb,composition,三钱(9克)
玉液汤,医学衷中参西录,Source,source,
玉液汤,治燥剂,Category,category,
赤小豆当归散,赤小豆,Herb,composition,三升(150克)
赤小豆当归散,当归,Herb,composition,三两(30克)
赤小豆当归散,金匮要略,Source,source,
赤小豆当归散,补益剂,Category,category,
柴胡桂枝汤,柴胡,Herb,composition,12g
柴胡桂枝汤,桂枝,Herb,composition,4.5g
柴胡桂枝汤,黄芩,Herb,composition,4.5g
柴胡桂枝汤,人参,Herb,composition,4.5g
柴胡桂枝汤,甘草,Herb,composition,3g
柴胡桂枝汤,半夏,Herb,composition,6g
柴胡桂枝汤,芍药,Herb,composition,4.5g
柴胡桂枝汤,大枣,Herb,composition,六枚
柴胡桂枝汤,生姜,Herb,composition,4.5g
柴胡桂枝汤,伤寒论,Source,source,
柴胡桂枝汤,祛痰剂,Category,category,
身痛逐瘀汤,秦艽,Herb,composition,3克
身痛逐瘀汤,川芎,Herb,composition,6克
身痛逐瘀汤,桃仁,Herb,composition,9克
身痛逐瘀汤,红花,Herb,composition,9克
身痛逐瘀汤,甘草,Herb,composition,6克
身痛逐瘀汤,羌活,Herb,composition,3克
身痛逐瘀汤,没药,Herb,composition,6克
身痛逐瘀汤,当归,Herb,composition,9克
身痛逐瘀汤,五灵脂,Herb,composition,6克
身痛逐瘀汤,香附,Herb,composition,3克
身痛逐瘀汤,牛膝,Herb,composition,9克
身痛逐瘀汤,地龙,Herb,composition,6克
身痛逐瘀汤,医林改错,Source,source,
身痛逐瘀汤,理血剂,Category,category,
保元汤,人参,Herb,composition,3克
保元汤,黄芪,Herb,composition,9克
保元汤,甘草,Herb,composition,3克
保元汤,肉桂,Herb,composition,1.5～2克
保元汤,博爱心鉴,Source,source,
保元汤,解表剂,Category,category,
益气聪明汤,黄芪,Herb,composition,15g
益气聪明汤,甘草,Herb,composition,15g
益气聪明汤,芍药,Herb,composition,3g
益气聪明汤,黄柏,Herb,composition,3g（酒制，锉，炒黄）
益气聪明汤,人参,Herb,composition,15g
益气聪明汤,升麻,Herb,composition,9g
益气聪明汤,葛根,Herb,composition,9g
益气聪明汤,蔓荆子,Herb,composition,4.5g
益气聪明汤,东垣试效方,Source,source,
益气聪明汤,补益剂,Category,category,
黛蛤散（青蛤丸）,青黛,Herb,composition,30g
黛蛤散（青蛤丸）,蛤壳,Herb,composition,300g
黛蛤散（青蛤丸）,中国药典,Source,source,
黛蛤散（青蛤丸）,理气剂,Category,category,
猪苓汤,猪苓,Herb,composition,三钱(9克)
猪苓汤,茯苓,Herb,composition,三钱(9克)
猪苓汤,泽泻,Herb,composition,三钱(9克)
猪苓汤,滑石,Herb,composition,三钱(9克)
猪苓汤,阿胶,Herb,composition,三钱(9克)
猪苓汤,伤寒论,Source,source,
猪苓汤,祛湿剂,Category,category,
三才封髓丹,人参,Herb,composition,半两(15克)
三才封髓丹,天门冬,Herb,composition,半两(15克)
三才封髓丹,熟地黄,Herb,composition,半两(15克)
三才封髓丹,黄柏,Herb,composition,3两(90克)
三才封髓丹,砂仁,Herb,composition,一两半(45克)
三才封髓丹,甘草,Herb,composition,七钱半(22.5克)
三才封髓丹,医学发明,Source,source,
三才封髓丹,清热剂,Category,category,
增液承气汤,生地黄,Herb,composition,24克
增液承气汤,麦门冬,Herb,composition,24克
增液承气汤,大黄,Herb,composition,9克
增液承气汤,芒硝,Herb,composition,4.5克
增液承气汤,玄参,Herb,composition,30克
增液承气汤,温病条辨,Source,source,
增液承气汤,治燥剂,Category,category,
半夏秫米汤,半夏,Herb,composition,10克
半夏秫米汤,秫米,Herb,composition,15克
半夏秫米汤,黄帝内经,Source,source,
半夏秫米汤,安神剂,Category,category,
三圣散,没药,Herb,composition,一分
三圣散,琥珀,Herb,composition,一分
三圣散,干蝎,Herb,composition,七枚、全者、炒
三圣散,防风,Herb,composition,90克（去芦）
三圣散,瓜蒂,Herb,composition,90克（碾破，以纸卷定，连纸锉细，去纸，用粗罗子罗过，另放末，将滓炒微黄，次入末一处，同炒黄用）
三圣散,藜芦,Herb,composition,7.5克（或1.5～30克）（去苗及心）
三圣散,奇效良方,Source,source,
三圣散,儒门事亲,Source,source,
盐汤探吐方,食盐,Herb,composition,炒
盐汤探吐方,奇效良方,Source,source,
盐汤探吐方,涌吐剂,Category,category,
救急稀涎散,皂荚,Herb,composition,120克
救急稀涎散,白矾,Herb,composition,30克
救急稀涎散,圣济总录,Source,source,
救急稀涎散,涌吐剂,Category,category,
封髓丹,黄柏,Herb,composition,90克
封髓丹,缩砂仁,Herb,composition,45克
封髓丹,甘草,Herb,composition,60克
封髓丹,甘草,Herb,composition,7钱
封髓丹,砂仁,Herb,composition,1两
封髓丹,苁蓉,Herb,composition,5钱
封髓丹,莲须,Herb,composition,5钱
封髓丹,芡实,Herb,composition,5钱
封髓丹,商黄柏,Herb,composition,半两
封髓丹,刘寄奴,Herb,composition,半两
封髓丹,新莲蕊,Herb,composition,半两
封髓丹,破故纸,Herb,composition,1两
封髓丹,母丁香,Herb,composition,
封髓丹,蛤蚧,Herb,composition,1对
封髓丹,枣针,Herb,composition,半两
封髓丹,御药院方,Source,source,
封髓丹,北京市中药成方选集,Source,source,
封髓丹,医方类聚,Source,source,
封髓丹,经验秘方,Source,source,
封髓丹,固涩剂,Category,category,
五子衍宗丸,枸杞子,Herb,composition,400g
五子衍宗丸,菟丝子,Herb,composition,400g
五子衍宗丸,覆盆子,Herb,composition,200g
五子衍宗丸,五味子,Herb,composition,50g
五子衍宗丸,车前子,Herb,composition,100g
五子衍宗丸,枸杞子,Herb,composition,240克
五子衍宗丸,菟丝子,Herb,composition,240克
五子衍宗丸,北五味子,Herb,composition,60克
五子衍宗丸,覆盆子,Herb,composition,120克
五子衍宗丸,车前子,Herb,composition,60克
五子衍宗丸,中国药典,Source,source,
五子衍宗丸,摄生众妙方,Source,source,
五子衍宗丸,固涩补益剂,Category,category,
缩泉丸,益智仁,Herb,composition,10克(盐炒)
缩泉丸,乌药,Herb,composition,10克
缩泉丸,山药,Herb,composition,10克
缩泉丸,妇人良方,Source,source,
缩泉丸,固涩剂,Category,category,
水陆二仙丹,芡实,Herb,composition,等分
水陆二仙丹,金樱子,Herb,composition,等分
水陆二仙丹,本草图经,Source,source,
水陆二仙丹,政和本草,Source,source,
水陆二仙丹,洪氏集验方,Source,source,
水陆二仙丹,固涩剂,Category,category,
桂枝葛根汤（桂枝加葛根汤）,桂枝,Herb,composition,6克
桂枝葛根汤（桂枝加葛根汤）,芍药,Herb,composition,6克
桂枝葛根汤（桂枝加葛根汤）,生姜,Herb,composition,9克
桂枝葛根汤（桂枝加葛根汤）,炙甘草,Herb,composition,6克
桂枝葛根汤（桂枝加葛根汤）,大枣,Herb,composition,3枚
桂枝葛根汤（桂枝加葛根汤）,葛根,Herb,composition,12克
桂枝葛根汤（桂枝加葛根汤）,麻黄,Herb,composition,9克(去节)
桂枝葛根汤（桂枝加葛根汤）,防风,Herb,composition,
桂枝葛根汤（桂枝加葛根汤）,升麻,Herb,composition,一钱
桂枝葛根汤（桂枝加葛根汤）,赤芍药,Herb,composition,一钱
桂枝葛根汤（桂枝加葛根汤）,伤寒论,Source,source,
桂枝葛根汤（桂枝加葛根汤）,片玉痘疹,Source,source,
桂枝葛根汤（桂枝加葛根汤）,直指,Source,source,
桂枝葛根汤（桂枝加葛根汤）,准绳·幼科,Source,source,
桂枝葛根汤（桂枝加葛根汤）,解表剂,Category,category,
建瓯汤,生怀山药,Herb,composition,30克
建瓯汤,怀牛膝,Herb,composition,30克
建瓯汤,生赭石,Herb,composition,24克（轧细）
建瓯汤,生龙骨,Herb,composition,18克（捣细）
建瓯汤,生牡蛎,Herb,composition,18克（捣细）
建瓯汤,生怀地黄,Herb,composition,18克
建瓯汤,生杭芍,Herb,composition,12克
建瓯汤,柏子仁,Herb,composition,12克
建瓯汤,医学衷中参西录,Source,source,
建瓯汤,固涩剂,Category,category,
厚朴七物汤,厚朴,Herb,composition,半斤(15克)
厚朴七物汤,甘草,Herb,composition,三两(9克)
厚朴七物汤,大黄,Herb,composition,三两(9克)
厚朴七物汤,大枣,Herb,composition,十枚(4枚)
厚朴七物汤,枳实,Herb,composition,五枚(9克)
厚朴七物汤,桂枝,Herb,composition,二两(6克)
厚朴七物汤,生姜,Herb,composition,五两(12克)
厚朴七物汤,金匮要略,Source,source,
厚朴七物汤,和解剂,Category,category,
生脉饮,人参,Herb,composition,常规剂量酌定
生脉饮,麦冬,Herb,composition,常规剂量酌定
生脉饮,五味子,Herb,composition,常规剂量酌定
生脉饮,中国药典,Source,source,
生脉饮,和解剂,Category,category,
龟鹿二仙胶（龟鹿二仙膏、二仙胶、龟鹿二胶）,鹿角,Herb,composition,十斤(5000克)
龟鹿二仙胶（龟鹿二仙膏、二仙胶、龟鹿二胶）,龟甲,Herb,composition,五斤(2500克)
龟鹿二仙胶（龟鹿二仙膏、二仙胶、龟鹿二胶）,人参,Herb,composition,十五两(450克)
龟鹿二仙胶（龟鹿二仙膏、二仙胶、龟鹿二胶）,枸杞子,Herb,composition,三十两(900克)
龟鹿二仙胶（龟鹿二仙膏、二仙胶、龟鹿二胶）,赤白何首乌,Herb,composition,各一斤(各500克)
龟鹿二仙胶（龟鹿二仙膏、二仙胶、龟鹿二胶）,白茯苓,Herb,composition,半斤(250克)
龟鹿二仙胶（龟鹿二仙膏、二仙胶、龟鹿二胶）,牛膝,Herb,composition,半斤(250克)
龟鹿二仙胶（龟鹿二仙膏、二仙胶、龟鹿二胶）,当归,Herb,composition,半斤(250克)
龟鹿二仙胶（龟鹿二仙膏、二仙胶、龟鹿二胶）,枸杞,Herb,composition,半斤(250克)
龟鹿二仙胶（龟鹿二仙膏、二仙胶、龟鹿二胶）,菟丝子,Herb,composition,半斤(250克)
龟鹿二仙胶（龟鹿二仙膏、二仙胶、龟鹿二胶）,补骨脂,Herb,composition,四两(120克)
龟鹿二仙胶（龟鹿二仙膏、二仙胶、龟鹿二胶）,医便,Source,source,
龟鹿二仙胶（龟鹿二仙膏、二仙胶、龟鹿二胶）,本草纲目,Source,source,
龟鹿二仙胶（龟鹿二仙膏、二仙胶、龟鹿二胶）,积菩堂方,Source,source,
龟鹿二仙胶（龟鹿二仙膏、二仙胶、龟鹿二胶）,补益剂,Category,category,
开郁种玉汤,白芍,Herb,composition,30克
开郁种玉汤,香附,Herb,composition,9克
开郁种玉汤,当归,Herb,composition,15克
开郁种玉汤,白术,Herb,composition,15克
开郁种玉汤,丹皮,Herb,composition,9克
开郁种玉汤,茯苓,Herb,composition,9克
开郁种玉汤,花粉,Herb,composition,6克
开郁种玉汤,傅青主女科,Source,source,
开郁种玉汤,理气剂,Category,category,
三甲复脉汤,炙甘草,Herb,composition,六钱(18克)
三甲复脉汤,干地黄,Herb,composition,六钱(18克)
三甲复脉汤,生白芍,Herb,composition,六钱(18克)
三甲复脉汤,不去心麦门冬,Herb,composition,五钱(15克)
三甲复脉汤,阿胶,Herb,composition,三钱(9克)
三甲复脉汤,麻仁,Herb,composition,三钱(9克)
三甲复脉汤,生牡蛎,Herb,composition,五钱(15克)
三甲复脉汤,生鳖甲,Herb,composition,八钱(24克)
三甲复脉汤,生龟甲,Herb,composition,一两(30克)
三甲复脉汤,温病条辨,Source,source,
三甲复脉汤,祛风剂,Category,category,
二甲复脉汤,炙甘草,Herb,composition,18克
二甲复脉汤,干地黄,Herb,composition,18克
二甲复脉汤,生白芍,Herb,composition,18克
二甲复脉汤,麦冬,Herb,composition,15克
二甲复脉汤,阿胶,Herb,composition,9克(烊化服)
二甲复脉汤,火麻仁,Herb,composition,9克
二甲复脉汤,生牡蛎,Herb,composition,15克
二甲复脉汤,生鳖甲,Herb,composition,24克
二甲复脉汤,温病条辨,Source,source,卷三
二甲复脉汤,祛风剂,Category,category,
一甲复脉汤,牡蛎,Herb,composition,30克（碾细）
一甲复脉汤,炙甘草,Herb,composition,18克
一甲复脉汤,干地黄,Herb,composition,18克
一甲复脉汤,生白芍,Herb,composition,18克
一甲复脉汤,麦冬,Herb,composition,15克（不去心）
一甲复脉汤,阿胶,Herb,composition,9克
一甲复脉汤,瘟病条辨,Source,source,
一甲复脉汤,祛风剂,Category,category,
助仙丹,白茯苓,Herb,composition,15g
助仙丹,陈皮,Herb,composition,15g
助仙丹,白术,Herb,composition,9g
助仙丹,土炒白芍,Herb,composition,9g
助仙丹,酒炒山药,Herb,composition,9g
助仙丹,炒菟丝子,Herb,composition,6g
助仙丹,酒炒杜仲,Herb,composition,3g
助仙丹,炒黑甘草,Herb,composition,3g
助仙丹,傅青主女科,Source,source,
助仙丹,补益剂,Category,category,
益经汤,大熟地,Herb,composition,30克（九蒸）
益经汤,白术,Herb,composition,30克（土炒）
益经汤,山药,Herb,composition,15克（炒）
益经汤,当归,Herb,composition,15克（酒洗）
益经汤,白芍,Herb,composition,9克（酒炒）
益经汤,生枣仁,Herb,composition,9克（捣碎）
益经汤,丹皮,Herb,composition,6克
益经汤,沙参,Herb,composition,9克
益经汤,柴胡,Herb,composition,3克
益经汤,杜仲,Herb,composition,3克（炒黑）
益经汤,人参,Herb,composition,6克
益经汤,傅青主女科,Source,source,
益经汤,补益剂,Category,category,
理中汤,人参,Herb,composition,6克
理中汤,党参,Herb,composition,可用党参代替
理中汤,干姜,Herb,composition,9克
理中汤,炙甘草,Herb,composition,6克
理中汤,白术,Herb,composition,12克
理中汤,伤寒论,Source,source,
理中汤,温里剂,Category,category,
理中汤,甘草,Herb,composition,三两
理中汤,白术,Herb,composition,三两
理中汤,干姜,Herb,composition,三两
理中汤,槟榔,Herb,composition,1两
理中汤,白茯苓,Herb,composition,1两
理中汤,益智,Herb,composition,1两
理中汤,桂,Herb,composition,1两
理中汤,陈橘皮,Herb,composition,1两
理中汤,半夏,Herb,composition,1两
理中汤,沉香,Herb,composition,1两
理中汤,木香,Herb,composition,加木香（煨）
理中汤,肉豆蔻,Herb,composition,加肉豆蔻
麻黄附子甘草汤,麻黄,Herb,composition,6g
麻黄附子甘草汤,甘草,Herb,composition,6g
麻黄附子甘草汤,附子,Herb,composition,5g
麻黄附子甘草汤,伤寒论,Source,source,
麻黄附子甘草汤,温里剂,Category,category,
桃红四物汤,熟地,Herb,composition,15克
桃红四物汤,当归,Herb,composition,15克
桃红四物汤,白芍,Herb,composition,10克
桃红四物汤,川芎,Herb,composition,8克
桃红四物汤,桃仁,Herb,composition,9克
桃红四物汤,红花,Herb,composition,6克
桃红四物汤,医垒元戎,Source,source,
桃红四物汤,理血剂,Category,category,
桂枝加附子汤,桂枝,Herb,composition,三两(9克)
桂枝加附子汤,芍药,Herb,composition,三两(9克)
桂枝加附子汤,甘草,Herb,composition,三两(9克)
桂枝加附子汤,生姜,Herb,composition,三两(9克)
桂枝加附子汤,大枣,Herb,composition,十二枚(3枚)
桂枝加附子汤,附子,Herb,composition,一枚(9克)
桂枝加附子汤,伤寒论,Source,source,
桂枝加附子汤,温里剂,Category,category,
导痰汤、苍附导痰丸、苍附导痰汤（苍附导痰丸）,半夏,Herb,composition,120克
导痰汤、苍附导痰丸、苍附导痰汤（苍附导痰丸）,天南星,Herb,composition,30克
导痰汤、苍附导痰丸、苍附导痰汤（苍附导痰丸）,橘红,Herb,composition,30克
导痰汤、苍附导痰丸、苍附导痰汤（苍附导痰丸）,枳实,Herb,composition,30克
导痰汤、苍附导痰丸、苍附导痰汤（苍附导痰丸）,赤茯苓,Herb,composition,30克
导痰汤、苍附导痰丸、苍附导痰汤（苍附导痰丸）,甘草,Herb,composition,15克
导痰汤、苍附导痰丸、苍附导痰汤（苍附导痰丸）,苍术,Herb,composition,2两
导痰汤、苍附导痰丸、苍附导痰汤（苍附导痰丸）,香附,Herb,composition,2两
导痰汤、苍附导痰丸、苍附导痰汤（苍附导痰丸）,枳壳,Herb,composition,2两
导痰汤、苍附导痰丸、苍附导痰汤（苍附导痰丸）,陈皮,Herb,composition,1两5钱
导痰汤、苍附导痰丸、苍附导痰汤（苍附导痰丸）,茯苓,Herb,composition,1两5钱
导痰汤、苍附导痰丸、苍附导痰汤（苍附导痰丸）,胆星,Herb,composition,1两
导痰汤、苍附导痰丸、苍附导痰汤（苍附导痰丸）,甘草,Herb,composition,1两
导痰汤、苍附导痰丸、苍附导痰汤（苍附导痰丸）,苍术,Herb,composition,2两
导痰汤、苍附导痰丸、苍附导痰汤（苍附导痰丸）,香附,Herb,composition,2两
导痰汤、苍附导痰丸、苍附导痰汤（苍附导痰丸）,陈皮,Herb,composition,1两半
导痰汤、苍附导痰丸、苍附导痰汤（苍附导痰丸）,南星,Herb,composition,1两
导痰汤、苍附导痰丸、苍附导痰汤（苍附导痰丸）,枳壳,Herb,composition,1两
导痰汤、苍附导痰丸、苍附导痰汤（苍附导痰丸）,半夏,Herb,composition,1两
导痰汤、苍附导痰丸、苍附导痰汤（苍附导痰丸）,川芎,Herb,composition,1两
导痰汤、苍附导痰丸、苍附导痰汤（苍附导痰丸）,滑石,Herb,composition,4两
导痰汤、苍附导痰丸、苍附导痰汤（苍附导痰丸）,白茯,Herb,composition,1两半
导痰汤、苍附导痰丸、苍附导痰汤（苍附导痰丸）,神曲,Herb,composition,1两
导痰汤、苍附导痰丸、苍附导痰汤（苍附导痰丸）,苍术,Herb,composition,9克
导痰汤、苍附导痰丸、苍附导痰汤（苍附导痰丸）,制南星,Herb,composition,9克
导痰汤、苍附导痰丸、苍附导痰汤（苍附导痰丸）,石楠叶,Herb,composition,9克
导痰汤、苍附导痰丸、苍附导痰汤（苍附导痰丸）,香附,Herb,composition,10克
导痰汤、苍附导痰丸、苍附导痰汤（苍附导痰丸）,杜仲,Herb,composition,10克
导痰汤、苍附导痰丸、苍附导痰汤（苍附导痰丸）,仙灵脾,Herb,composition,10克
导痰汤、苍附导痰丸、苍附导痰汤（苍附导痰丸）,陈皮,Herb,composition,6克
导痰汤、苍附导痰丸、苍附导痰汤（苍附导痰丸）,茯苓,Herb,composition,15克
导痰汤、苍附导痰丸、苍附导痰汤（苍附导痰丸）,制半夏,Herb,composition,12克
导痰汤、苍附导痰丸、苍附导痰汤（苍附导痰丸）,重订严氏济生方,Source,source,
导痰汤、苍附导痰丸、苍附导痰汤（苍附导痰丸）,叶氏女科,Source,source,
导痰汤、苍附导痰丸、苍附导痰汤（苍附导痰丸）,广嗣纪要,Source,source,
导痰汤、苍附导痰丸、苍附导痰汤（苍附导痰丸）,祛痰剂,Category,category,
麻桂各半汤,麻黄,Herb,composition,4.5克
麻桂各半汤,桂枝,Herb,composition,6克
麻桂各半汤,白芍,Herb,composition,9克
麻桂各半汤,杏仁,Herb,composition,9克
麻桂各半汤,生姜,Herb,composition,3片
麻桂各半汤,红枣,Herb,composition,5枚
麻桂各半汤,甘草,Herb,composition,6克
麻桂各半汤,伤寒论,Source,source,
麻桂各半汤,解表剂,Category,category,
升麻葛根汤,升麻,Herb,composition,30克
升麻葛根汤,芍药,Herb,composition,30克
升麻葛根汤,炙甘草,Herb,composition,30克
升麻葛根汤,葛根,Herb,composition,45克
升麻葛根汤,太平惠民和剂局方,Source,source,
升麻葛根汤,解表剂,Category,category,
海浮散,乳香,Herb,composition,等分
海浮散,没药,Herb,composition,等分
海浮散,疮疡经验全书,Source,source,
海浮散,外科第一圣药,Category,category,
葶苈大枣泻肺汤（又名葶苈大枣汤、葶苈泻肺汤）,葶苈子,Herb,composition,五钱(15克)
葶苈大枣泻肺汤（又名葶苈大枣汤、葶苈泻肺汤）,大枣,Herb,composition,五钱(15克)
葶苈大枣泻肺汤（又名葶苈大枣汤、葶苈泻肺汤）,金匮要略,Source,source,
葶苈大枣泻肺汤（又名葶苈大枣汤、葶苈泻肺汤）,泻下剂,Category,category,
活络效灵丹,当归,Herb,composition,15克
活络效灵丹,丹参,Herb,composition,15克
活络效灵丹,生明乳香,Herb,composition,15克
活络效灵丹,生明没药,Herb,composition,15克
活络效灵丹,医学衷中参西录,Source,source,
活络效灵丹,理血剂,Category,category,
防已茯苓汤,防己,Herb,composition,三钱(9克)
防已茯苓汤,黄芪,Herb,composition,三钱(9克)
防已茯苓汤,桂枝,Herb,composition,三钱(9克)
防已茯苓汤,茯苓,Herb,composition,六钱(18克)
防已茯苓汤,甘草,Herb,composition,二钱(6克)
防已茯苓汤,金匮要略,Source,source,
防已茯苓汤,祛湿剂,Category,category,
小续命汤,麻黄,Herb,composition,9克
小续命汤,防己,Herb,composition,9克
小续命汤,人参,Herb,composition,9克
小续命汤,黄芩,Herb,composition,9克
小续命汤,桂心,Herb,composition,9克
小续命汤,甘草,Herb,composition,9克
小续命汤,芍药,Herb,composition,9克
小续命汤,川芎,Herb,composition,9克
小续命汤,杏仁,Herb,composition,9克
小续命汤,附子,Herb,composition,6克
小续命汤,防风,Herb,composition,9克
小续命汤,生姜,Herb,composition,6克
小续命汤,备急千金要方,Source,source,
小续命汤,理血剂,Category,category,
散偏汤,白芍,Herb,composition,15克
散偏汤,川芎,Herb,composition,30克
散偏汤,郁李仁,Herb,composition,3克
散偏汤,柴胡,Herb,composition,3克
散偏汤,白芥子,Herb,composition,9克
散偏汤,香附,Herb,composition,6克
散偏汤,甘草,Herb,composition,3克
散偏汤,白芷,Herb,composition,1.5克
散偏汤,辨证录,Source,source,
散偏汤,理血剂,Category,category,
白金丸（矾郁丸，白玉化痰丸，癫痫白金丸）,白矾,Herb,composition,四两(120g)
白金丸（矾郁丸，白玉化痰丸，癫痫白金丸）,郁金,Herb,composition,七两(210g)
白金丸（矾郁丸，白玉化痰丸，癫痫白金丸）,普济本事方,Source,source,
白金丸（矾郁丸，白玉化痰丸，癫痫白金丸）,安神剂,Category,category,
牡蛎泽泻散,牡蛎,Herb,composition,熬，各等分
牡蛎泽泻散,泽泻,Herb,composition,各等分
牡蛎泽泻散,蜀漆,Herb,composition,暖水洗去腥，各等分
牡蛎泽泻散,葶苈子,Herb,composition,熬，各等分
牡蛎泽泻散,商陆根,Herb,composition,熬，各等分
牡蛎泽泻散,海藻,Herb,composition,洗去咸，各等分
牡蛎泽泻散,栝楼根,Herb,composition,各等分
牡蛎泽泻散,伤寒论,Source,source,
牡蛎泽泻散,其它,Category,category,
抵当汤,水蛭,Herb,composition,30个(6克)
抵当汤,虻虫,Herb,composition,30个(6克)
抵当汤,桃仁,Herb,composition,20个(9克)
抵当汤,大黄,Herb,composition,三两(9克)
抵当汤,伤寒论,Source,source,
抵当汤,其它,Category,category,
白虎加人参汤,知母,Herb,composition,六两(9克)
白虎加人参汤,石膏,Herb,composition,一斤(30克)
白虎加人参汤,甘草,Herb,composition,二两(3克)
白虎加人参汤,粳米,Herb,composition,六合(15克)
白虎加人参汤,人参,Herb,composition,三两(10克)
白虎加人参汤,伤寒论,Source,source,
白虎加人参汤,清热理气,Category,category,
麻黄连翘赤小豆汤,麻黄,Herb,composition,6克
麻黄连翘赤小豆汤,连翘,Herb,composition,9克
麻黄连翘赤小豆汤,杏仁,Herb,composition,9克
麻黄连翘赤小豆汤,赤小豆,Herb,composition,30克
麻黄连翘赤小豆汤,大枣,Herb,composition,12枚
麻黄连翘赤小豆汤,桑白皮,Herb,composition,10克
麻黄连翘赤小豆汤,生姜,Herb,composition,6克
麻黄连翘赤小豆汤,炙甘草,Herb,composition,6克
麻黄连翘赤小豆汤,伤寒论,Source,source,
麻黄连翘赤小豆汤,清热剂,Category,category,
三星汤,金银花,Herb,composition,二两
三星汤,蒲公英,Herb,composition,一两
三星汤,生甘草,Herb,composition,三钱
三星汤,谷芽,Herb,composition,10克（一岁以上）
三星汤,麦芽,Herb,composition,10克（一岁以上）
三星汤,山楂,Herb,composition,5克（一岁以上）
三星汤,谷芽,Herb,composition,8克（一岁以下）
三星汤,麦芽,Herb,composition,8克（一岁以下）
三星汤,山楂,Herb,composition,3克（一岁以下）
三星汤,辨证录,Source,source,
三星汤,清热,Category,category,
子母两快汤,熟地,Herb,composition,5钱
子母两快汤,麦冬,Herb,composition,5钱
子母两快汤,当归,Herb,composition,2钱
子母两快汤,山茱萸,Herb,composition,3钱
子母两快汤,茯苓,Herb,composition,2钱
子母两快汤,芡实,Herb,composition,2钱
子母两快汤,山药,Herb,composition,2钱
子母两快汤,玄参,Herb,composition,5钱
子母两快汤,莱菔子,Herb,composition,10~20克
子母两快汤,白萝卜,Herb,composition,10~20克
子母两快汤,辨证录,Source,source,卷一
子母两快汤,治燥,Category,category,
开胸顺气丸,槟榔,Herb,composition,300克
开胸顺气丸,炒牵牛子,Herb,composition,400克
开胸顺气丸,陈皮,Herb,composition,100克
开胸顺气丸,木香,Herb,composition,75克
开胸顺气丸,姜制厚朴,Herb,composition,100克
开胸顺气丸,醋制三棱,Herb,composition,100克
开胸顺气丸,醋制莪术,Herb,composition,100克
开胸顺气丸,猪牙皂,Herb,composition,50克
开胸顺气丸,全国中药成药处方集,Source,source,
开胸顺气丸,消积化滞，行气止痛,Category,category,
补络补管汤,生龙骨,Herb,composition,30g
补络补管汤,生牡蛎,Herb,composition,30g
补络补管汤,三七粉,Herb,composition,6g（研细末冲服）
补络补管汤,山茱萸,Herb,composition,30g
补络补管汤,医学衷中参西录,Source,source,
补络补管汤,理血,Category,category,
栀子豆鼓汤（栀子豉汤）,栀子,Herb,composition,9克
栀子豆鼓汤（栀子豉汤）,香豉,Herb,composition,6克
栀子豆鼓汤（栀子豉汤）,伤寒论,Source,source,
栀子豆鼓汤（栀子豉汤）,祛痰剂,Category,category,
甘草泻心汤,甘草,Herb,composition,12克（炙）
甘草泻心汤,黄芩,Herb,composition,9克
甘草泻心汤,干姜,Herb,composition,9克
甘草泻心汤,半夏,Herb,composition,9克（洗）
甘草泻心汤,大枣,Herb,composition,12枚（擘）
甘草泻心汤,黄连,Herb,composition,3克
甘草泻心汤,人参,Herb,composition,三两（注《金匮》）
甘草泻心汤,伤寒论,Source,source,
甘草泻心汤,金匮要略,Source,source,
甘草泻心汤,解表剂,Category,category,
茯苓杏仁甘草汤,茯苓,Herb,composition,三两(9克)
茯苓杏仁甘草汤,杏仁,Herb,composition,五十个(8.5克)
茯苓杏仁甘草汤,甘草,Herb,composition,一两(3克)
茯苓杏仁甘草汤,金匮要略,Source,source,
茯苓杏仁甘草汤,和解剂,Category,category,
神术散（别名：神术汤）,苍术,Herb,composition,150克
神术散（别名：神术汤）,藁本,Herb,composition,30克
神术散（别名：神术汤）,白芷,Herb,composition,30克
神术散（别名：神术汤）,细辛,Herb,composition,30克
神术散（别名：神术汤）,羌活,Herb,composition,30克
神术散（别名：神术汤）,川芎,Herb,composition,30克
神术散（别名：神术汤）,甘草,Herb,composition,30克
神术散（别名：神术汤）,陈皮,Herb,composition,1千克
神术散（别名：神术汤）,厚朴,Herb,composition,1千克
神术散（别名：神术汤）,藿香,Herb,composition,250克
神术散（别名：神术汤）,砂仁,Herb,composition,120克
神术散（别名：神术汤）,荆芥穗,Herb,composition,等分
神术散（别名：神术汤）,干葛,Herb,composition,等分
神术散（别名：神术汤）,麻黄,Herb,composition,等分
神术散（别名：神术汤）,生姜,Herb,composition,6克
神术散（别名：神术汤）,葱白,Herb,composition,6克
神术散（别名：神术汤）,太平惠民和剂局方,Source,source,
神术散（别名：神术汤）,医学心悟,Source,source,
神术散（别名：神术汤）,医方类聚,Source,source,
神术散（别名：神术汤）,解表剂,Category,category,
麻黄连翘赤小豆汤,麻黄,Herb,composition,6克（去节）
麻黄连翘赤小豆汤,连翘,Herb,composition,9克（即连翘根）
麻黄连翘赤小豆汤,杏仁,Herb,composition,6克
麻黄连翘赤小豆汤,赤小豆,Herb,composition,30克
麻黄连翘赤小豆汤,大枣,Herb,composition,12枚（擘）
麻黄连翘赤小豆汤,生梓白皮,Herb,composition,10克（切，现多用桑白皮代替）
麻黄连翘赤小豆汤,生姜,Herb,composition,6克
麻黄连翘赤小豆汤,甘草,Herb,composition,6克（炙）
麻黄连翘赤小豆汤,伤寒论,Source,source,
麻黄连翘赤小豆汤,清热剂,Category,category,
仙遗粮汤,仙遗粮,Herb,composition,四两（120g）
仙遗粮汤,防风,Herb,composition,一钱（3g）
仙遗粮汤,荆芥,Herb,composition,一钱（3g）
仙遗粮汤,川芎,Herb,composition,一钱（3g）
仙遗粮汤,当归,Herb,composition,一钱（3g）
仙遗粮汤,天花粉,Herb,composition,一钱（3g）
仙遗粮汤,金银花,Herb,composition,一钱（3g）
仙遗粮汤,白蒺藜,Herb,composition,一钱（3g）
仙遗粮汤,薏苡仁,Herb,composition,一钱（3g）
仙遗粮汤,威灵仙,Herb,composition,一钱（3g）
仙遗粮汤,山栀,Herb,composition,六分（1.8g）
仙遗粮汤,黄连,Herb,composition,六分（1.8g）
仙遗粮汤,连翘,Herb,composition,六分（1.8g）
仙遗粮汤,干葛,Herb,composition,六分（1.8g）
仙遗粮汤,白芷,Herb,composition,六分（1.8g）
仙遗粮汤,甘草,Herb,composition,六分（1.8g）
仙遗粮汤,黄芩,Herb,composition,六分（1.8g）
仙遗粮汤,外科正宗,Source,source,
仙遗粮汤,景岳全书,Source,source,
仙遗粮汤,医学入门,Source,source,
仙遗粮汤,医宗说约,Source,source,
仙遗粮汤,清热剂,Category,category,
甘草麻黄汤（别名：麻黄汤、麻黄甘草汤、二物汤、麻甘汤、走马通圣散）,甘草,Herb,composition,2两
甘草麻黄汤（别名：麻黄汤、麻黄甘草汤、二物汤、麻甘汤、走马通圣散）,麻黄,Herb,composition,4两
甘草麻黄汤（别名：麻黄汤、麻黄甘草汤、二物汤、麻甘汤、走马通圣散）,麻黄,Herb,composition,1分
甘草麻黄汤（别名：麻黄汤、麻黄甘草汤、二物汤、麻甘汤、走马通圣散）,杏仁,Herb,composition,1分
甘草麻黄汤（别名：麻黄汤、麻黄甘草汤、二物汤、麻甘汤、走马通圣散）,桑白皮,Herb,composition,1分
甘草麻黄汤（别名：麻黄汤、麻黄甘草汤、二物汤、麻甘汤、走马通圣散）,甘草,Herb,composition,1分
甘草麻黄汤（别名：麻黄汤、麻黄甘草汤、二物汤、麻甘汤、走马通圣散）,麻黄,Herb,composition,3分
甘草麻黄汤（别名：麻黄汤、麻黄甘草汤、二物汤、麻甘汤、走马通圣散）,地骨皮,Herb,composition,半两
甘草麻黄汤（别名：麻黄汤、麻黄甘草汤、二物汤、麻甘汤、走马通圣散）,玄参,Herb,composition,半两
甘草麻黄汤（别名：麻黄汤、麻黄甘草汤、二物汤、麻甘汤、走马通圣散）,五味子,Herb,composition,3分
甘草麻黄汤（别名：麻黄汤、麻黄甘草汤、二物汤、麻甘汤、走马通圣散）,甘草,Herb,composition,1分
甘草麻黄汤（别名：麻黄汤、麻黄甘草汤、二物汤、麻甘汤、走马通圣散）,干姜,Herb,composition,1分
甘草麻黄汤（别名：麻黄汤、麻黄甘草汤、二物汤、麻甘汤、走马通圣散）,附子,Herb,composition,半两
甘草麻黄汤（别名：麻黄汤、麻黄甘草汤、二物汤、麻甘汤、走马通圣散）,桔梗,Herb,composition,半两
甘草麻黄汤（别名：麻黄汤、麻黄甘草汤、二物汤、麻甘汤、走马通圣散）,杏仁,Herb,composition,半两
甘草麻黄汤（别名：麻黄汤、麻黄甘草汤、二物汤、麻甘汤、走马通圣散）,知母,Herb,composition,半两
甘草麻黄汤（别名：麻黄汤、麻黄甘草汤、二物汤、麻甘汤、走马通圣散）,金匮,Source,source,
甘草麻黄汤（别名：麻黄汤、麻黄甘草汤、二物汤、麻甘汤、走马通圣散）,伤寒总病论,Source,source,
甘草麻黄汤（别名：麻黄汤、麻黄甘草汤、二物汤、麻甘汤、走马通圣散）,圣济总录,Source,source,
甘草麻黄汤（别名：麻黄汤、麻黄甘草汤、二物汤、麻甘汤、走马通圣散）,解表剂,Category,category,
三黄汤,麻黄,Herb,composition,3.5克
三黄汤,黄耆,Herb,composition,1.5克
三黄汤,黄芩,Herb,composition,2.2克
三黄汤,独活,Herb,composition,3克
三黄汤,细辛,Herb,composition,1.5克
三黄汤,大黄,Herb,composition,9克
三黄汤,甘草,Herb,composition,3克
三黄汤,栀子,Herb,composition,27枚
三黄汤,黄连,Herb,composition,30g
三黄汤,黄柏,Herb,composition,30g
三黄汤,乳香,Herb,composition,15g
三黄汤,没药,Herb,composition,15g
三黄汤,五倍子,Herb,composition,15g
三黄汤,苦参,Herb,composition,30g
三黄汤,朴硝,Herb,composition,20g
三黄汤,荆芥,Herb,composition,15g
三黄汤,防风,Herb,composition,15g
三黄汤,延胡索,Herb,composition,15g
三黄汤,备急千金要方,Source,source,
三黄汤,消食剂,Category,category,
茯苓白术汤,茯苓,Herb,composition,1两
茯苓白术汤,白术,Herb,composition,1两
茯苓白术汤,附子,Herb,composition,1两
茯苓白术汤,甘草,Herb,composition,半两
茯苓白术汤,官桂,Herb,composition,半两
茯苓白术汤,干姜,Herb,composition,1两（炮）
茯苓白术汤,桂心,Herb,composition,1两
茯苓白术汤,赤茯苓,Herb,composition,1两（去黑皮）
茯苓白术汤,桂,Herb,composition,3分（去粗皮）
茯苓白术汤,芎藭,Herb,composition,1两
茯苓白术汤,医方集解,Source,source,
茯苓白术汤,易简方,Source,source,
茯苓白术汤,三因,Source,source,
茯苓白术汤,圣济总录,Source,source,
茯苓白术汤,直指,Source,source,
茯苓白术汤,固涩剂,Category,category,
会厌逐瘀汤,桃仁,Herb,composition,9克
会厌逐瘀汤,红花,Herb,composition,6克
会厌逐瘀汤,生地黄,Herb,composition,12克
会厌逐瘀汤,当归,Herb,composition,9克
会厌逐瘀汤,赤芍,Herb,composition,9克
会厌逐瘀汤,枳壳,Herb,composition,6克
会厌逐瘀汤,桔梗,Herb,composition,3克
会厌逐瘀汤,柴胡,Herb,composition,6克
会厌逐瘀汤,玄参,Herb,composition,9克
会厌逐瘀汤,甘草,Herb,composition,3克
会厌逐瘀汤,医林改错,Source,source,
会厌逐瘀汤,理血剂,Category,category,
十六味流气饮,川芎,Herb,composition,1钱
十六味流气饮,当归,Herb,composition,1钱
十六味流气饮,白芍,Herb,composition,1钱
十六味流气饮,防风,Herb,composition,1钱
十六味流气饮,人参,Herb,composition,5分
十六味流气饮,木香,Herb,composition,1钱
十六味流气饮,黄耆,Herb,composition,1钱
十六味流气饮,官桂,Herb,composition,5分
十六味流气饮,桔梗,Herb,composition,1钱
十六味流气饮,白芷,Herb,composition,1钱
十六味流气饮,槟榔,Herb,composition,1钱
十六味流气饮,厚朴,Herb,composition,1钱
十六味流气饮,乌药,Herb,composition,1钱
十六味流气饮,甘草,Herb,composition,1钱
十六味流气饮,紫苏叶,Herb,composition,1钱
十六味流气饮,枳壳,Herb,composition,1钱
十六味流气饮,大腹皮,Herb,composition,1钱
十六味流气饮,医宗金鉴,Source,source,
十六味流气饮,理气剂,Category,category,
柴胡加龙骨牡蛎汤,柴胡,Herb,composition,四两(12克)
柴胡加龙骨牡蛎汤,龙骨,Herb,composition,一两半(4.5克)
柴胡加龙骨牡蛎汤,生姜,Herb,composition,一两半(4.5克)
柴胡加龙骨牡蛎汤,人参,Herb,composition,一两半(4.5克)
柴胡加龙骨牡蛎汤,桂枝,Herb,composition,一两半(4.5克)
柴胡加龙骨牡蛎汤,茯苓,Herb,composition,一两半(4.5克)
柴胡加龙骨牡蛎汤,半夏,Herb,composition,二合半(10克)
柴胡加龙骨牡蛎汤,黄芩,Herb,composition,一两(3克)
柴胡加龙骨牡蛎汤,铅丹,Herb,composition,一两半(1克)
柴胡加龙骨牡蛎汤,大黄,Herb,composition,二两(6克)
柴胡加龙骨牡蛎汤,牡蛎,Herb,composition,一两半(4.5克)
柴胡加龙骨牡蛎汤,大枣,Herb,composition,六枚
柴胡加龙骨牡蛎汤,伤寒论,Source,source,
柴胡加龙骨牡蛎汤,固涩剂,Category,category,
枳术汤,枳实,Herb,composition,7枚
枳术汤,白术,Herb,composition,30克
枳术汤,肉桂,Herb,composition,22克
枳术汤,附子,Herb,composition,30克
枳术汤,细辛,Herb,composition,30克
枳术汤,桔梗,Herb,composition,22克
枳术汤,槟榔,Herb,composition,22克
枳术汤,甘草,Herb,composition,22克
枳术汤,金匮要略,Source,source,
枳术汤,重订严氏济生方,Source,source,
枳术汤,消食剂,Category,category,
四磨汤,人参,Herb,composition,6克
四磨汤,槟榔,Herb,composition,6克
四磨汤,沉香,Herb,composition,6克
四磨汤,天台乌药,Herb,composition,6克
四磨汤,济生方,Source,source,
四磨汤,理气剂,Category,category,
七味白术散,人参,Herb,composition,7.5克
七味白术散,白茯苓,Herb,composition,15克，炒
七味白术散,白术,Herb,composition,15克
七味白术散,藿香叶,Herb,composition,15克
七味白术散,木香,Herb,composition,6克
七味白术散,甘草,Herb,composition,3克
七味白术散,葛根,Herb,composition,15克，渴者加15～30克
七味白术散,小儿药证直诀,Source,source,
七味白术散,理气,Category,category,
瓜蒌薤白白酒汤,瓜蒌实,Herb,composition,24g
瓜蒌薤白白酒汤,薤白,Herb,composition,12g
瓜蒌薤白白酒汤,白酒,Herb,composition,适量
瓜蒌薤白白酒汤,金匮要略,Source,source,
瓜蒌薤白白酒汤,理气剂,Category,category,
安魂汤,龙眼肉,Herb,composition,18克
安魂汤,酸枣仁,Herb,composition,12克
安魂汤,生龙骨,Herb,composition,15克
安魂汤,生牡蛎,Herb,composition,15克
安魂汤,清半夏,Herb,composition,9克
安魂汤,茯苓片,Herb,composition,9克
安魂汤,生赭石,Herb,composition,12克
安魂汤,医学衷中参西录,Source,source,
安魂汤,安神剂,Category,category,
千金鲤鱼汤（鲤鱼汤）,鲤鱼,Herb,composition,1尾(约重1千克)
千金鲤鱼汤（鲤鱼汤）,白术,Herb,composition,150克
千金鲤鱼汤（鲤鱼汤）,茯苓,Herb,composition,120克
千金鲤鱼汤（鲤鱼汤）,芍药,Herb,composition,90克
千金鲤鱼汤（鲤鱼汤）,当归,Herb,composition,90克
千金鲤鱼汤（鲤鱼汤）,生姜,Herb,composition,90克
千金鲤鱼汤（鲤鱼汤）,备急干金要方,Source,source,
千金鲤鱼汤（鲤鱼汤）,补益剂,Category,category,
生肌散,石膏,Herb,composition,一两(30克)
生肌散,轻粉,Herb,composition,一两(30克)
生肌散,赤石脂,Herb,composition,一两(30克)
生肌散,黄丹(飞),Herb,composition,二钱(6克)
生肌散,龙骨,Herb,composition,三钱(9克)
生肌散,血竭,Herb,composition,三钱(9克)
生肌散,乳香,Herb,composition,三钱(9克)
生肌散,樟脑,Herb,composition,三钱(9克)
生肌散,外科正宗,Source,source,
生肌散,理血剂,Category,category,
蠲（juān）痹汤,当归,Herb,composition,9克
蠲（juān）痹汤,羌活,Herb,composition,9克
蠲（juān）痹汤,姜黄,Herb,composition,9克
蠲（juān）痹汤,黄芪,Herb,composition,9克
蠲（juān）痹汤,白芍,Herb,composition,9克
蠲（juān）痹汤,防风,Herb,composition,9克
蠲（juān）痹汤,甘草,Herb,composition,3克
蠲（juān）痹汤,独活,Herb,composition,5克
蠲（juān）痹汤,桂心,Herb,composition,6克
蠲（juān）痹汤,秦艽,Herb,composition,10克
蠲（juān）痹汤,川芎,Herb,composition,5克
蠲（juān）痹汤,海风藤,Herb,composition,10克
蠲（juān）痹汤,桑枝,Herb,composition,10克
蠲（juān）痹汤,乳香,Herb,composition,5克
蠲（juān）痹汤,木香,Herb,composition,5克
蠲（juān）痹汤,赤芍,Herb,composition,1钱5分
蠲（juān）痹汤,薄荷,Herb,composition,5分
蠲（juān）痹汤,桂枝,Herb,composition,5分
蠲（juān）痹汤,附子,Herb,composition,
蠲（juān）痹汤,官桂,Herb,composition,
蠲（juān）痹汤,杨氏家藏方,Source,source,
蠲（juān）痹汤,医学心悟,Source,source,
蠲（juān）痹汤,嵩崖尊生,Source,source,卷七
蠲（juān）痹汤,金鉴,Source,source,卷三十九
蠲（juān）痹汤,祛风剂,Category,category,
越婢汤,麻黄,Herb,composition,六两(18克)
越婢汤,石膏,Herb,composition,半斤(24克)
越婢汤,生姜,Herb,composition,三两(9克)
越婢汤,甘草,Herb,composition,二两(6克)
越婢汤,大枣,Herb,composition,十五枚(5枚)
越婢汤,金匮要略,Source,source,
越婢汤,解表剂,Category,category,
荆防败毒散,羌活,Herb,composition,4.5克
荆防败毒散,柴胡,Herb,composition,4.5克
荆防败毒散,前胡,Herb,composition,4.5克
荆防败毒散,独活,Herb,composition,4.5克
荆防败毒散,枳壳,Herb,composition,4.5克
荆防败毒散,茯苓,Herb,composition,4.5克
荆防败毒散,荆芥,Herb,composition,4.5克
荆防败毒散,防风,Herb,composition,4.5克
荆防败毒散,桔梗,Herb,composition,4.5克
荆防败毒散,川芎,Herb,composition,4.5克
荆防败毒散,甘草,Herb,composition,1.5克
荆防败毒散,摄生众妙方,Source,source,
荆防败毒散,解表剂,Category,category,
荆防败毒散,柴胡,Herb,composition,9克
荆防败毒散,前胡,Herb,composition,9克
荆防败毒散,川芎,Herb,composition,9克
荆防败毒散,枳壳,Herb,composition,9克
荆防败毒散,羌活,Herb,composition,9克
荆防败毒散,独活,Herb,composition,9克
荆防败毒散,茯苓,Herb,composition,9克
荆防败毒散,桔梗,Herb,composition,9克
荆防败毒散,人参,Herb,composition,9克
荆防败毒散,甘草,Herb,composition,9克
荆防败毒散,荆芥,Herb,composition,4.5克
荆防败毒散,防风,Herb,composition,4.5克
荆防败毒散,薄荷,Herb,composition,1.5克
荆防败毒散,生姜,Herb,composition,3片
荆防败毒散,太平惠民和剂局方,Source,source,
荆防败毒散,解表剂,Category,category,
黄芪建中汤,黄芪,Herb,composition,一两半(45克)
黄芪建中汤,桂枝,Herb,composition,三两(90克)
黄芪建中汤,芍药,Herb,composition,六两(180克)
黄芪建中汤,甘草,Herb,composition,二两(60克)
黄芪建中汤,生姜,Herb,composition,三两(90克)
黄芪建中汤,大枣,Herb,composition,十二枚
黄芪建中汤,饴糖,Herb,composition,一升
黄芪建中汤,金匮要略,Source,source,
黄芪建中汤,补益,Category,category,
桂枝二越婢一汤,桂枝,Herb,composition,2.3g
桂枝二越婢一汤,芍药,Herb,composition,2.3g
桂枝二越婢一汤,麻黄,Herb,composition,2.3g
桂枝二越婢一汤,甘草,Herb,composition,2.3g
桂枝二越婢一汤,大枣,Herb,composition,四枚
桂枝二越婢一汤,生姜,Herb,composition,3.1g
桂枝二越婢一汤,石膏,Herb,composition,3g
桂枝二越婢一汤,伤寒论,Source,source,
桂枝二越婢一汤,解表清热,Category,category,
大黄附子汤,大黄,Herb,composition,三两(9g)
大黄附子汤,附子,Herb,composition,三枚炮(9g)
大黄附子汤,细辛,Herb,composition,二两(3g)
大黄附子汤,金匮要略,Source,source,
大黄附子汤,泻下剂,Category,category,
四逆汤,附子,Herb,composition,12克
四逆汤,干姜,Herb,composition,9克
四逆汤,甘草,Herb,composition,6克
四逆汤,伤寒论,Source,source,
四逆汤,温里剂,Category,category,
通脉四逆汤,炙甘草,Herb,composition,6g
通脉四逆汤,附子,Herb,composition,10~20g
通脉四逆汤,干姜,Herb,composition,12g
通脉四逆汤,伤寒论,Source,source,
通脉四逆汤,温里剂,Category,category,
当归四逆汤,当归,Herb,composition,三两(12g)
当归四逆汤,桂枝,Herb,composition,三两去皮(9g)
当归四逆汤,芍药,Herb,composition,三两(9g)
当归四逆汤,细辛,Herb,composition,三两(3g)
当归四逆汤,炙甘草,Herb,composition,二两(6g)
当归四逆汤,通草,Herb,composition,二两(6g)
当归四逆汤,大枣,Herb,composition,九枚擘
当归四逆汤,伤寒论,Source,source,
当归四逆汤,温里剂,Category,category,
白通汤,附子,Herb,composition,15克
白通汤,干姜,Herb,composition,6克
白通汤,葱白,Herb,composition,4根
白通汤,伤寒论,Source,source,
白通汤,四逆汤,Category,category,少阴心肾阳虚之证
白通汤,白通汤,Category,category,少阴心肾阳虚戴阳证
干姜附子汤,干姜,Herb,composition,一两（50g）
干姜附子汤,附子,Herb,composition,（去皮，生用，破八片）一枚（5g）
干姜附子汤,伤寒论,Source,source,
干姜附子汤,四逆汤,Category,category,去炙甘草组成
干姜附子汤,《伤寒全生集》卷二,Source,source,
干姜附子汤,《千金》卷八,Source,source,
温经汤,吴茱萸,Herb,composition,三两(9克)
温经汤,麦门冬,Herb,composition,三两(9克)
温经汤,当归,Herb,composition,二两(6克)
温经汤,芍药,Herb,composition,二两(6克)
温经汤,川芎,Herb,composition,二两(6克)
温经汤,人参,Herb,composition,二两(6克)
温经汤,桂枝,Herb,composition,二两(6克)
温经汤,阿胶,Herb,composition,二两(6克)
温经汤,牡丹皮,Herb,composition,二两(6克)
温经汤,生姜,Herb,composition,二两(6克)
温经汤,甘草,Herb,composition,二两(6克)
温经汤,半夏,Herb,composition,二两(6克)
温经汤,金匮要略,Source,source,
温经汤,理血剂,Category,category,
大青龙汤,麻黄,Herb,composition,六两(12克)
大青龙汤,桂枝,Herb,composition,二两(6克)
大青龙汤,甘草,Herb,composition,二两(6克)
大青龙汤,杏仁,Herb,composition,四十粒(6克)
大青龙汤,石膏,Herb,composition,如鸡子大(18克)
大青龙汤,生姜,Herb,composition,三两(9克)
大青龙汤,大枣,Herb,composition,十二枚(3枚)
大青龙汤,伤寒论,Source,source,
大青龙汤,解表剂,Category,category,
小青龙汤,麻黄,Herb,composition,9克
小青龙汤,芍药,Herb,composition,9克
小青龙汤,细辛,Herb,composition,3克
小青龙汤,干姜,Herb,composition,3克
小青龙汤,甘草,Herb,composition,6克（炙）
小青龙汤,桂枝,Herb,composition,6克（去皮）
小青龙汤,五味子,Herb,composition,3克
小青龙汤,半夏,Herb,composition,9克（洗）
小青龙汤,伤寒论,Source,source,
小青龙汤,解表剂,Category,category,
麻黄汤,麻黄,Herb,composition,9克
麻黄汤,桂枝,Herb,composition,6克
麻黄汤,杏仁,Herb,composition,6克
麻黄汤,炙甘草,Herb,composition,3克
麻黄汤,伤寒论,Source,source,
麻黄汤,解表剂,Category,category,辛温解表
理冲汤,生山药,Herb,composition,15克
理冲汤,天花粉,Herb,composition,12克
理冲汤,知母,Herb,composition,12克
理冲汤,黄芪,Herb,composition,9克
理冲汤,三棱,Herb,composition,9克
理冲汤,莪术,Herb,composition,9克
理冲汤,鸡内金,Herb,composition,9克
理冲汤,党参,Herb,composition,6克
理冲汤,白术,Herb,composition,6克
理冲汤,医学衷中参西录,Source,source,
理冲汤,补益剂,Category,category,
四逆散,炙甘草,Herb,composition,6g
四逆散,枳实破 水渍炙干,Herb,composition,6g
四逆散,柴胡,Herb,composition,6g
四逆散,芍药,Herb,composition,6g
四逆散,伤寒论,Source,source,
四逆散,和解剂,Category,category,
九味羌活汤,羌活,Herb,composition,9克
九味羌活汤,防风,Herb,composition,9克
九味羌活汤,苍术,Herb,composition,9克
九味羌活汤,细辛,Herb,composition,3克
九味羌活汤,川芎,Herb,composition,6克
九味羌活汤,白芷,Herb,composition,6克
九味羌活汤,生地,Herb,composition,6克
九味羌活汤,黄芩,Herb,composition,6克
九味羌活汤,甘草,Herb,composition,6克
九味羌活汤,张元素方,Source,source,
九味羌活汤,解表剂,Category,category,
止嗽散,桔梗,Herb,composition,1kg
止嗽散,荆芥,Herb,composition,1kg
止嗽散,紫菀,Herb,composition,1kg
止嗽散,百部,Herb,composition,1kg
止嗽散,白前,Herb,composition,1kg
止嗽散,甘草,Herb,composition,375g
止嗽散,陈皮,Herb,composition,500g
止嗽散,医学心悟,Source,source,
止嗽散,解表剂,Category,category,
桂枝汤,桂枝,Herb,composition,三两 (9g)
桂枝汤,芍药,Herb,composition,三两 (9g)
桂枝汤,炙甘草,Herb,composition,二两 (6g)
桂枝汤,生姜,Herb,composition,三两 (9g)
桂枝汤,大枣,Herb,composition,十二枚 (3g)
桂枝汤,伤寒论,Source,source,
桂枝汤,解表剂,Category,category,
香苏散,香附子,Herb,composition,120克
香苏散,紫苏叶,Herb,composition,120克
香苏散,甘草,Herb,composition,30克
香苏散,陈皮,Herb,composition,60克
香苏散,太平惠民和剂局方,Source,source,
香苏散,解表剂,Category,category,
正柴胡饮,柴胡,Herb,composition,9g
正柴胡饮,防风,Herb,composition,3g
正柴胡饮,陈皮,Herb,composition,4.5g
正柴胡饮,芍药,Herb,composition,6g
正柴胡饮,甘草,Herb,composition,3g
正柴胡饮,生姜,Herb,composition,3至5片
正柴胡饮,景岳全书,Source,source,
正柴胡饮,解表剂,Category,category,
加减葳蕤汤,生葳蕤,Herb,composition,9g
加减葳蕤汤,淡豆豉,Herb,composition,9g
加减葳蕤汤,红枣,Herb,composition,二枚
加减葳蕤汤,生葱白,Herb,composition,6g
加减葳蕤汤,炙甘草,Herb,composition,1.5g
加减葳蕤汤,桔梗,Herb,composition,5g
加减葳蕤汤,苏薄荷,Herb,composition,5g
加减葳蕤汤,东白薇,Herb,composition,3g
加减葳蕤汤,通俗伤寒论,Source,source,
加减葳蕤汤,解表剂-扶正解表,Category,category,
参苏饮,人参,Herb,composition,6g
参苏饮,紫苏叶,Herb,composition,6g
参苏饮,干葛,Herb,composition,6g
参苏饮,半夏,Herb,composition,6g
参苏饮,前胡,Herb,composition,6g
参苏饮,茯苓,Herb,composition,6g
参苏饮,枳壳,Herb,composition,4g
参苏饮,桔梗,Herb,composition,4g
参苏饮,木香,Herb,composition,4g
参苏饮,陈皮,Herb,composition,4g
参苏饮,炙甘草,Herb,composition,4g
参苏饮,太平惠民和剂局方,Source,source,
参苏饮,解表剂,Category,category,
败毒散,柴胡,Herb,composition,三十两 (900g)
败毒散,前胡,Herb,composition,三十两 (900g)
败毒散,川芎,Herb,composition,三十两 (900g)
败毒散,枳壳,Herb,composition,三十两 (900g)
败毒散,羌活,Herb,composition,三十两 (900g)
败毒散,独活,Herb,composition,三十两 (900g)
败毒散,茯苓,Herb,composition,三十两 (900g)
败毒散,桔梗,Herb,composition,三十两 (900g)
败毒散,人参,Herb,composition,三十两 (900g)
败毒散,甘草,Herb,composition,三十两 (900g)
败毒散,太平惠民和剂局方,Source,source,
败毒散,解表剂,Category,category,
柴葛解肌汤（又名“干葛解肌汤”“葛根解肌汤”“柴胡解肌汤”）,柴胡,Herb,composition,6g
柴葛解肌汤（又名“干葛解肌汤”“葛根解肌汤”“柴胡解肌汤”）,干葛,Herb,composition,9g
柴葛解肌汤（又名“干葛解肌汤”“葛根解肌汤”“柴胡解肌汤”）,甘草,Herb,composition,3g
柴葛解肌汤（又名“干葛解肌汤”“葛根解肌汤”“柴胡解肌汤”）,黄芩,Herb,composition,6g
柴葛解肌汤（又名“干葛解肌汤”“葛根解肌汤”“柴胡解肌汤”）,羌活,Herb,composition,3g
柴葛解肌汤（又名“干葛解肌汤”“葛根解肌汤”“柴胡解肌汤”）,白芷,Herb,composition,3g
柴葛解肌汤（又名“干葛解肌汤”“葛根解肌汤”“柴胡解肌汤”）,芍药,Herb,composition,6g
柴葛解肌汤（又名“干葛解肌汤”“葛根解肌汤”“柴胡解肌汤”）,桔梗,Herb,composition,3g
柴葛解肌汤（又名“干葛解肌汤”“葛根解肌汤”“柴胡解肌汤”）,石膏,Herb,composition,3g
柴葛解肌汤（又名“干葛解肌汤”“葛根解肌汤”“柴胡解肌汤”）,伤寒六书,Source,source,
柴葛解肌汤（又名“干葛解肌汤”“葛根解肌汤”“柴胡解肌汤”）,解表剂,Category,category,
桑菊飲,桑叶,Herb,composition,二钱五分（7.5g）
桑菊飲,菊花,Herb,composition,一钱（3g）
桑菊飲,杏仁,Herb,composition,二钱（6g）
桑菊飲,连翘,Herb,composition,一钱五分（5g）
桑菊飲,薄荷,Herb,composition,八分（2.5g）
桑菊飲,苦桔梗,Herb,composition,二钱（6g）
桑菊飲,甘草,Herb,composition,八分（2.5g）
桑菊飲,苇根,Herb,composition,二钱（6g）
桑菊飲,温病条辨,Source,source,
桑菊飲,解表剂,Category,category,
麻黄细辛附子汤,麻黄,Herb,composition,二两 (6g)
麻黄细辛附子汤,附子,Herb,composition,炮 一枚 破八片 (9g)
麻黄细辛附子汤,细辛,Herb,composition,二两 (3g)
麻黄细辛附子汤,伤寒论,Source,source,
麻黄细辛附子汤,解表剂,Category,category,
银翘散,连翘,Herb,composition,一两 (30g)
银翘散,金银花,Herb,composition,一两 (30g)
银翘散,桔梗,Herb,composition,六钱 (18g)
银翘散,薄荷,Herb,composition,六钱 (18g)
银翘散,竹叶,Herb,composition,四钱 (12g)
银翘散,生甘草,Herb,composition,五钱 (15g)
银翘散,荆芥穗,Herb,composition,四钱 (12g)
银翘散,淡豆豉,Herb,composition,五钱 (15g)
银翘散,牛蒡子,Herb,composition,六钱 (18g)
银翘散,温病条辨,Source,source,
银翘散,解表剂,Category,category,
白虎汤,石膏,Herb,composition,50g
白虎汤,知母,Herb,composition,18g
白虎汤,甘草,Herb,composition,6g
白虎汤,粳米,Herb,composition,9g
白虎汤,伤寒论,Source,source,
白虎汤,清热剂,Category,category,
玉女煎,石膏,Herb,composition,9-15g
玉女煎,熟地,Herb,composition,9-30g
玉女煎,麦冬,Herb,composition,6g
玉女煎,知母,Herb,composition,5g
玉女煎,牛膝,Herb,composition,5g
玉女煎,景岳全书,Source,source,
玉女煎,清热剂,Category,category,
左金丸,黄连,Herb,composition,六两（18g）
左金丸,吴茱萸,Herb,composition,一两或半两（3g）
左金丸,丹溪心法,Source,source,
左金丸,清热剂,Category,category,
仙方活命饮,白芷,Herb,composition,3g
仙方活命饮,贝母,Herb,composition,6g
仙方活命饮,防风,Herb,composition,6g
仙方活命饮,赤芍药,Herb,composition,6g
仙方活命饮,当归尾,Herb,composition,6g
仙方活命饮,甘草节,Herb,composition,6g
仙方活命饮,皂角刺(炒),Herb,composition,6g
仙方活命饮,穿山甲(炙),Herb,composition,6g
仙方活命饮,天花粉,Herb,composition,6g
仙方活命饮,乳香,Herb,composition,6g
仙方活命饮,没药,Herb,composition,6g
仙方活命饮,金银花,Herb,composition,9g
仙方活命饮,陈皮,Herb,composition,9g
仙方活命饮,校注妇人良方,Source,source,
仙方活命饮,清热剂,Category,category,
青蒿鳖甲汤,青蒿,Herb,composition,6g
青蒿鳖甲汤,鳖甲,Herb,composition,15g
青蒿鳖甲汤,细生地,Herb,composition,12g
青蒿鳖甲汤,知母,Herb,composition,6g
青蒿鳖甲汤,丹皮,Herb,composition,9g
青蒿鳖甲汤,温病条辨,Source,source,
青蒿鳖甲汤,清热剂,Category,category,
芍药汤,芍药,Herb,composition,30g
芍药汤,当归,Herb,composition,15g
芍药汤,黄连,Herb,composition,15g
芍药汤,黄芩,Herb,composition,15g
芍药汤,槟榔,Herb,composition,6g
芍药汤,木香,Herb,composition,6g
芍药汤,炙甘草,Herb,composition,6g
芍药汤,大黄,Herb,composition,9g
芍药汤,肉桂,Herb,composition,5g
芍药汤,素问病机气宜保命集,Source,source,
芍药汤,清热剂,Category,category,
竹叶石膏汤,竹叶,Herb,composition,9克
竹叶石膏汤,石膏,Herb,composition,30克
竹叶石膏汤,半夏,Herb,composition,3克
竹叶石膏汤,人参,Herb,composition,15克
竹叶石膏汤,甘草,Herb,composition,10克
竹叶石膏汤,粳米,Herb,composition,半升
竹叶石膏汤,麦门冬,Herb,composition,一升
竹叶石膏汤,伤寒论,Source,source,
竹叶石膏汤,清热剂,Category,category,
白头翁汤,白头翁,Herb,composition,15g
白头翁汤,黄连,Herb,composition,6g
白头翁汤,黄柏,Herb,composition,12g
白头翁汤,秦皮,Herb,composition,12g
白头翁汤,伤寒论,Source,source,
白头翁汤,清热剂,Category,category,
清胃散,生地黄,Herb,composition,6g
清胃散,当归身,Herb,composition,6g
清胃散,牡丹皮,Herb,composition,9g
清胃散,黄连,Herb,composition,6g (夏月倍之)
清胃散,升麻,Herb,composition,9g
清胃散,脾胃论,Source,source,
清胃散,清热剂,Category,category,
清骨散,银柴胡,Herb,composition,5g
清骨散,胡黄连,Herb,composition,3g
清骨散,秦艽,Herb,composition,3g
清骨散,鳖甲,Herb,composition,3g
清骨散,地骨皮,Herb,composition,3g
清骨散,青蒿,Herb,composition,3g
清骨散,知母,Herb,composition,3g
清骨散,甘草,Herb,composition,2g
清骨散,证治准绳,Source,source,
清骨散,清热剂,Category,category,
清营汤,犀角(水牛角代替),Herb,composition,30g
清营汤,生地黄,Herb,composition,15g
清营汤,元参,Herb,composition,9g
清营汤,竹叶心,Herb,composition,3g
清营汤,麦冬,Herb,composition,9g
清营汤,丹参,Herb,composition,6g
清营汤,黄连,Herb,composition,5g
清营汤,银花,Herb,composition,9g
清营汤,连翘,Herb,composition,6g
清营汤,温病条辨,Source,source,
清营汤,清热剂,Category,category,
凉膈散,川大黄,Herb,composition,600g
凉膈散,朴硝,Herb,composition,600g
凉膈散,甘草,Herb,composition,600g
凉膈散,山栀子仁,Herb,composition,300g
凉膈散,薄荷叶(去梗),Herb,composition,300g
凉膈散,黄芩,Herb,composition,300g
凉膈散,连翘,Herb,composition,1250g
凉膈散,太平惠民和剂局方,Source,source,
凉膈散,清热剂,Category,category,
泻白散,地骨皮,Herb,composition,30克
泻白散,桑白皮(炒),Herb,composition,30克
泻白散,甘草(炙),Herb,composition,3克
泻白散,小儿药证直诀,Source,source,
泻白散,清热剂,Category,category,
苇茎汤,苇茎,Herb,composition,60g
苇茎汤,瓜瓣,Herb,composition,60g
苇茎汤,薏苡仁,Herb,composition,30g
苇茎汤,桃仁,Herb,composition,24g
苇茎汤,外台秘要,Source,source,
苇茎汤,清热剂,Category,category,
导赤散,生地黄,Herb,composition,6g
导赤散,木通,Herb,composition,6g
导赤散,生甘草梢,Herb,composition,6g
导赤散,竹叶,Herb,composition,6g
导赤散,小儿药证直诀,Source,source,
导赤散,清热剂,Category,category,
龙胆泻肝汤,龙胆草,Herb,composition,6g
龙胆泻肝汤,黄芩,Herb,composition,9g
龙胆泻肝汤,山栀子,Herb,composition,9g
龙胆泻肝汤,泽泻,Herb,composition,12g
龙胆泻肝汤,木通,Herb,composition,9g
龙胆泻肝汤,车前子,Herb,composition,9g
龙胆泻肝汤,当归,Herb,composition,8g
龙胆泻肝汤,生地黄,Herb,composition,20g
龙胆泻肝汤,柴胡,Herb,composition,10g
龙胆泻肝汤,生甘草,Herb,composition,6g
龙胆泻肝汤,医方集解,Source,source,
龙胆泻肝汤,清热剂,Category,category,
葛根黄芩黄连汤,葛根,Herb,composition,15克
葛根黄芩黄连汤,甘草,Herb,composition,6克（蜜炙）
葛根黄芩黄连汤,黄芩,Herb,composition,9克
葛根黄芩黄连汤,黄连,Herb,composition,9克
葛根黄芩黄连汤,伤寒论,Source,source,
葛根黄芩黄连汤,清热剂,Category,category,
普济消毒饮,黄芩,Herb,composition,15克
普济消毒饮,黄连,Herb,composition,15克
普济消毒饮,陈皮,Herb,composition,6克
普济消毒饮,甘草,Herb,composition,6克
普济消毒饮,玄参,Herb,composition,6克
普济消毒饮,柴胡,Herb,composition,6克
普济消毒饮,桔梗,Herb,composition,6克
普济消毒饮,连翘,Herb,composition,3克
普济消毒饮,板蓝根,Herb,composition,3克
普济消毒饮,马勃,Herb,composition,3克
普济消毒饮,牛蒡子,Herb,composition,3克
普济消毒饮,薄荷,Herb,composition,3克
普济消毒饮,僵蚕,Herb,composition,2克
普济消毒饮,升麻,Herb,composition,2克
普济消毒饮,东垣试效方,Source,source,
普济消毒饮,清热剂,Category,category,
黄连解毒汤,黄连,Herb,composition,9g
黄连解毒汤,黄芩,Herb,composition,6g
黄连解毒汤,黄柏,Herb,composition,6g
黄连解毒汤,栀子,Herb,composition,9g
黄连解毒汤,肘后备急方,Source,source,
黄连解毒汤,清热剂,Category,category,
犀角地黄汤,水牛角,Herb,composition,30g
犀角地黄汤,生地,Herb,composition,24g
犀角地黄汤,芍药,Herb,composition,12g
犀角地黄汤,丹皮,Herb,composition,9g
犀角地黄汤,外台秘要,Source,source,
犀角地黄汤,清热剂,Category,category,
当归六黄汤,当归,Herb,composition,6克
当归六黄汤,生地黄,Herb,composition,6克
当归六黄汤,熟地黄,Herb,composition,6克
当归六黄汤,黄芩,Herb,composition,6克
当归六黄汤,黄柏,Herb,composition,6克
当归六黄汤,黄连,Herb,composition,6克
当归六黄汤,黄芪,Herb,composition,12克
当归六黄汤,兰室秘藏,Source,source,
当归六黄汤,清热剂,Category,category,
朱砂安神丸,朱砂,Herb,composition,15g
朱砂安神丸,黄连,Herb,composition,18g
朱砂安神丸,炙甘草,Herb,composition,16.5g
朱砂安神丸,生地黄,Herb,composition,4.5g
朱砂安神丸,当归,Herb,composition,7.5g
朱砂安神丸,内外伤辨惑论,Source,source,
朱砂安神丸,安神剂,Category,category,
天王补心丹,人参(去芦),Herb,composition,15g
天王补心丹,茯苓,Herb,composition,15g
天王补心丹,玄参,Herb,composition,15g
天王补心丹,丹参,Herb,composition,15g
天王补心丹,桔梗,Herb,composition,15g
天王补心丹,远志,Herb,composition,15g
天王补心丹,当归(酒浸),Herb,composition,30g
天王补心丹,五味子,Herb,composition,30g
天王补心丹,麦门冬(去心),Herb,composition,30g
天王补心丹,天门冬,Herb,composition,30g
天王补心丹,柏子仁,Herb,composition,30g
天王补心丹,酸枣仁(炒),Herb,composition,30g
天王补心丹,生地黄,Herb,composition,120g
天王补心丹,内外伤辨惑论,Source,source,
天王补心丹,安神剂,Category,category,
酸枣仁汤,酸枣仁,Herb,composition,15g(炒)
酸枣仁汤,甘草,Herb,composition,3g
酸枣仁汤,知母,Herb,composition,6g
酸枣仁汤,茯苓,Herb,composition,6g
酸枣仁汤,川芎,Herb,composition,6g
酸枣仁汤,金匮要略,Source,source,
酸枣仁汤,安神剂,Category,category,
酸枣仁汤,当归,Herb,composition,一两(酒浸，焙)
酸枣仁汤,白芍,Herb,composition,一两
酸枣仁汤,枸杞子,Herb,composition,一两
酸枣仁汤,麦冬,Herb,composition,加量
酸枣仁汤,生地黄,Herb,composition,加量
酸枣仁汤,龙齿,Herb,composition,加量
酸枣仁汤,珍珠母,Herb,composition,加量
酸枣仁汤,五味子,Herb,composition,加量
酸枣仁汤,牡蛎,Herb,composition,加量
酸枣仁汤,远志肉,Herb,composition,一两(净)
酸枣仁汤,黄芪,Herb,composition,一两
酸枣仁汤,莲肉,Herb,composition,一两(去心)
酸枣仁汤,罗参,Herb,composition,一两
酸枣仁汤,白茯苓,Herb,composition,一两
酸枣仁汤,茯神,Herb,composition,一两
酸枣仁汤,陈皮,Herb,composition,半两(净)
酸枣仁汤,粉草,Herb,composition,半两(炙)
酸枣仁汤,永类钤方,Source,source,
安宫牛黄丸,牛黄,Herb,composition,30g
安宫牛黄丸,郁金,Herb,composition,30g
安宫牛黄丸,黄连,Herb,composition,30g
安宫牛黄丸,朱砂,Herb,composition,30g
安宫牛黄丸,山栀,Herb,composition,30g
安宫牛黄丸,雄黄,Herb,composition,30g
安宫牛黄丸,黄芩,Herb,composition,30g
安宫牛黄丸,犀角,Herb,composition,60g (水牛角浓缩粉代)
安宫牛黄丸,冰片,Herb,composition,7.5g
安宫牛黄丸,麝香,Herb,composition,7.5g
安宫牛黄丸,珍珠,Herb,composition,15g
安宫牛黄丸,温病条辨,Source,source,
安宫牛黄丸,开窍剂,Category,category,
至宝丹,犀角,Herb,composition,一两 (水牛角浓缩粉代，65g)
至宝丹,朱砂,Herb,composition,一两 (30g)
至宝丹,雄黄,Herb,composition,一两 (30g)
至宝丹,生玳瑁,Herb,composition,一两 (30g)
至宝丹,琥珀,Herb,composition,一两 (30g)
至宝丹,牛黄,Herb,composition,一分 (0.3g)
至宝丹,麝香,Herb,composition,一分 (0.3g)
至宝丹,冰片,Herb,composition,一分 (0.3g)
至宝丹,安息香,Herb,composition,一两半 (45g)，酒浸，重汤煮令化，滤去滓，约取一两净 (原用金银箔各五十片，现不用)
至宝丹,灵苑方,Source,source,
至宝丹,开窍剂,Category,category,
紫雪丹,石膏,Herb,composition,1.5kg
紫雪丹,寒水石,Herb,composition,1.5kg
紫雪丹,滑石,Herb,composition,1.5kg
紫雪丹,磁石,Herb,composition,1.5kg
紫雪丹,犀角屑,Herb,composition,100g
紫雪丹,羚羊角屑,Herb,composition,150g
紫雪丹,沉香,Herb,composition,150g
紫雪丹,木香,Herb,composition,150g
紫雪丹,玄参,Herb,composition,500g
紫雪丹,升麻,Herb,composition,500g
紫雪丹,炙甘草,Herb,composition,240g
紫雪丹,丁香,Herb,composition,30g
紫雪丹,芒硝,Herb,composition,5kg
紫雪丹,硝石,Herb,composition,950g
紫雪丹,朱砂,Herb,composition,90g
紫雪丹,麝香,Herb,composition,1.5g
紫雪丹,水牛角浓缩粉,Herb,composition,100g
紫雪丹,外台秘要,Source,source,
紫雪丹,开窍剂,Category,category,
苏合香丸,苏合香,Herb,composition,15g
苏合香丸,冰片,Herb,composition,15g
苏合香丸,乳香,Herb,composition,15g
苏合香丸,麝香,Herb,composition,30g
苏合香丸,安息香,Herb,composition,30g
苏合香丸,木香,Herb,composition,30g
苏合香丸,香附,Herb,composition,30g
苏合香丸,白檀香,Herb,composition,30g
苏合香丸,丁香,Herb,composition,30g
苏合香丸,沉香,Herb,composition,30g
苏合香丸,荜茇,Herb,composition,30g
苏合香丸,白术,Herb,composition,30g
苏合香丸,诃子皮,Herb,composition,30g
苏合香丸,朱砂,Herb,composition,30g
苏合香丸,水牛角浓缩粉,Herb,composition,65g
苏合香丸,外台秘要,Source,source,
苏合香丸,开窍剂,Category,category,
乌梅丸,乌梅,Herb,composition,三百枚 (480g)
乌梅丸,细辛,Herb,composition,六两 (180g)
乌梅丸,干姜,Herb,composition,十两 (300g)
乌梅丸,黄连,Herb,composition,十六两 (480g)
乌梅丸,当归,Herb,composition,四两 (120g)
乌梅丸,附子,Herb,composition,六两，炮去皮 (180g)
乌梅丸,蜀椒,Herb,composition,四两，出汗 (120g)
乌梅丸,桂枝,Herb,composition,六两，去皮 (180g)
乌梅丸,人参,Herb,composition,六两 (180g)
乌梅丸,黄柏,Herb,composition,六两 (180g)
乌梅丸,伤寒论,Source,source,
乌梅丸,驱虫剂,Category,category,
瓜蒂散,瓜蒂,Herb,composition,3g
瓜蒂散,赤小豆,Herb,composition,3g
瓜蒂散,伤寒论,Source,source,
瓜蒂散,涌吐剂,Category,category,
蒿芩清胆汤,青蒿脑,Herb,composition,4.5~6g
蒿芩清胆汤,淡竹茹,Herb,composition,9g
蒿芩清胆汤,仙半夏,Herb,composition,4.5g
蒿芩清胆汤,赤茯苓,Herb,composition,9g
蒿芩清胆汤,青子芩,Herb,composition,4.5g~9g
蒿芩清胆汤,生枳壳,Herb,composition,4.5g
蒿芩清胆汤,陈广皮,Herb,composition,4.5g
蒿芩清胆汤,碧玉散,Herb,composition,9g
蒿芩清胆汤,重订通俗伤寒论,Source,source,
蒿芩清胆汤,和解剂,Category,category,
达原饮,槟榔,Herb,composition,6克
达原饮,厚朴,Herb,composition,3克
达原饮,草果仁,Herb,composition,1.5克
达原饮,知母,Herb,composition,3克
达原饮,芍药,Herb,composition,3克
达原饮,黄芩,Herb,composition,3克
达原饮,甘草,Herb,composition,1.5克
达原饮,温疫论,Source,source,
达原饮,和解剂,Category,category,
痛泻要方,陈皮,Herb,composition,45g
痛泻要方,白术,Herb,composition,90g
痛泻要方,白芍,Herb,composition,60g
痛泻要方,防风,Herb,composition,30g
痛泻要方,丹溪心法,Source,source,
痛泻要方,和解剂,Category,category,
逍遥散,甘草,Herb,composition,半两（15g）
逍遥散,当归,Herb,composition,一两（30g）
逍遥散,茯苓,Herb,composition,一两（30g）
逍遥散,白芍药,Herb,composition,一两（30g）
逍遥散,白术,Herb,composition,一两（30g）
逍遥散,柴胡,Herb,composition,一两（30g）
逍遥散,生姜,Herb,composition,一块切破
逍遥散,薄荷,Herb,composition,少许
逍遥散,太平惠民和剂局方,Source,source,
逍遥散,和解剂,Category,category,
半夏泻心汤,半夏,Herb,composition,15g
半夏泻心汤,黄芩,Herb,composition,9g
半夏泻心汤,干姜,Herb,composition,9g
半夏泻心汤,人参,Herb,composition,9g
半夏泻心汤,炙甘草,Herb,composition,9g
半夏泻心汤,黄连,Herb,composition,3g
半夏泻心汤,大枣,Herb,composition,4枚
半夏泻心汤,伤寒论,Source,source,
半夏泻心汤,和解剂,Category,category,
大柴胡汤,柴胡,Herb,composition,12g
大柴胡汤,黄芩,Herb,composition,9g
大柴胡汤,芍药,Herb,composition,9g
大柴胡汤,半夏,Herb,composition,9g
大柴胡汤,枳实,Herb,composition,9g
大柴胡汤,生姜,Herb,composition,15g
大柴胡汤,大枣,Herb,composition,4枚
大柴胡汤,大黄,Herb,composition,6g
大柴胡汤,金匮要略,Source,source,
大柴胡汤,和解剂,Category,category,
小建中汤,桂枝,Herb,composition,三两，去皮 (9g)
小建中汤,甘草,Herb,composition,二两，炙 (6g)
小建中汤,大枣,Herb,composition,十二枚，擘 (6枚)
小建中汤,芍药,Herb,composition,六两 (18g)
小建中汤,生姜,Herb,composition,三两，切 (9g)
小建中汤,胶饴,Herb,composition,一升 (30g)
小建中汤,伤寒论,Source,source,
小建中汤,温里剂,Category,category,
回阳救急汤,熟附子,Herb,composition,9g
回阳救急汤,干姜,Herb,composition,6g
回阳救急汤,人参,Herb,composition,6g
回阳救急汤,炙甘草,Herb,composition,6g
回阳救急汤,白术炒,Herb,composition,9g
回阳救急汤,肉桂,Herb,composition,3g
回阳救急汤,陈皮,Herb,composition,6g
回阳救急汤,五味子,Herb,composition,3g
回阳救急汤,茯苓,Herb,composition,9g
回阳救急汤,半夏制,Herb,composition,9g
回阳救急汤,伤寒六书,Source,source,
回阳救急汤,温里剂,Category,category,
吴茱萸汤,吴茱萸,Herb,composition,9g
吴茱萸汤,生姜,Herb,composition,18g
吴茱萸汤,人参,Herb,composition,9g
吴茱萸汤,大枣,Herb,composition,十二枚
吴茱萸汤,伤寒论,Source,source,
吴茱萸汤,温里剂,Category,category,
理中丸,人参,Herb,composition,三两（9g）
理中丸,干姜,Herb,composition,三两（9g）
理中丸,甘草（炙）,Herb,composition,三两（9g）
理中丸,白术,Herb,composition,三两（9g）
理中丸,伤寒论,Source,source,
理中丸,温里剂,Category,category,
清燥救肺汤,桑叶,Herb,composition,9g
清燥救肺汤,石膏,Herb,composition,8g
清燥救肺汤,甘草,Herb,composition,3g
清燥救肺汤,胡麻仁,Herb,composition,3g
清燥救肺汤,真阿胶,Herb,composition,3g
清燥救肺汤,枇杷叶,Herb,composition,3g
清燥救肺汤,麦门冬,Herb,composition,4g
清燥救肺汤,人参,Herb,composition,2g
清燥救肺汤,杏仁,Herb,composition,2g
清燥救肺汤,医门法律,Source,source,
清燥救肺汤,治燥剂,Category,category,
增液汤,玄参,Herb,composition,一两（30g）
增液汤,麦冬,Herb,composition,八钱（24g）
增液汤,细生地,Herb,composition,八钱（24g）
增液汤,医门法律,Source,source,
增液汤,治燥剂,Category,category,
益胃汤,沙参,Herb,composition,9g
益胃汤,麦冬,Herb,composition,15g
益胃汤,冰糖,Herb,composition,3g
益胃汤,细生地,Herb,composition,15g
益胃汤,玉竹,Herb,composition,4.5g
益胃汤,温病条辨,Source,source,
益胃汤,治燥剂,Category,category,
杏苏散,苏叶,Herb,composition,9g
杏苏散,半夏,Herb,composition,9g
杏苏散,茯苓,Herb,composition,9g
杏苏散,前胡,Herb,composition,9g
杏苏散,杏仁,Herb,composition,9g
杏苏散,苦桔梗,Herb,composition,6g
杏苏散,枳壳,Herb,composition,6g
杏苏散,橘皮,Herb,composition,6g
杏苏散,甘草,Herb,composition,3g
杏苏散,生姜,Herb,composition,3片
杏苏散,大枣,Herb,composition,3枚
杏苏散,温病条辨,Source,source,
杏苏散,治燥剂,Category,category,
桑杏汤,桑叶,Herb,composition,3g
桑杏汤,杏仁,Herb,composition,4.5g
桑杏汤,沙参,Herb,composition,6g
桑杏汤,象贝,Herb,composition,3g
桑杏汤,香豉,Herb,composition,3g
桑杏汤,栀皮,Herb,composition,3g
桑杏汤,梨皮,Herb,composition,3g
桑杏汤,温病条辨,Source,source,
桑杏汤,治燥剂,Category,category,
百合固金汤,熟地,Herb,composition,9g
百合固金汤,生地,Herb,composition,9g
百合固金汤,归身,Herb,composition,9g
百合固金汤,白芍,Herb,composition,3g
百合固金汤,甘草,Herb,composition,3g
百合固金汤,桔梗,Herb,composition,3g
百合固金汤,玄参,Herb,composition,3g
百合固金汤,贝母,Herb,composition,12g
百合固金汤,麦冬,Herb,composition,12g
百合固金汤,百合,Herb,composition,12g
百合固金汤,慎斋遗书,Source,source,
百合固金汤,治燥剂,Category,category,
麦门冬汤,麦门冬,Herb,composition,42g
麦门冬汤,半夏,Herb,composition,6g
麦门冬汤,人参,Herb,composition,9g
麦门冬汤,甘草,Herb,composition,6g
麦门冬汤,粳米,Herb,composition,3g
麦门冬汤,大枣,Herb,composition,2枚
麦门冬汤,金匮要略,Source,source,
麦门冬汤,治燥剂,Category,category,
补阳还五汤,黄芪,Herb,composition,120g
补阳还五汤,当归尾,Herb,composition,6g
补阳还五汤,赤芍,Herb,composition,5g
补阳还五汤,地龙,Herb,composition,3g
补阳还五汤,川芎,Herb,composition,3g
补阳还五汤,红花,Herb,composition,3g
补阳还五汤,桃仁,Herb,composition,3g
补阳还五汤,医林改错,Source,source,
补阳还五汤,理血剂,Category,category,
槐花散,槐花,Herb,composition,12g
槐花散,柏叶,Herb,composition,12g
槐花散,荆芥穗,Herb,composition,6g
槐花散,枳壳,Herb,composition,6g
槐花散,普济本事方,Source,source,
槐花散,补气，活血，通络,Category,category,
鳖甲煎丸,炙鳖甲,Herb,composition,90克
鳖甲煎丸,赤硝,Herb,composition,90克
鳖甲煎丸,蜣螂,Herb,composition,45克
鳖甲煎丸,芍药,Herb,composition,37克
鳖甲煎丸,牡丹,Herb,composition,37克
鳖甲煎丸,土蟞虫,Herb,composition,37克
鳖甲煎丸,蜂巢,Herb,composition,30克
鳖甲煎丸,炒乌扇,Herb,composition,22.5克
鳖甲煎丸,柴胡,Herb,composition,22.5克
鳖甲煎丸,黄芩,Herb,composition,22.5克
鳖甲煎丸,鼠妇,Herb,composition,22.5克
鳖甲煎丸,干姜,Herb,composition,22.5克
鳖甲煎丸,大黄,Herb,composition,22.5克
鳖甲煎丸,桂枝,Herb,composition,22.5克
鳖甲煎丸,厚朴,Herb,composition,22.5克
鳖甲煎丸,石韦,Herb,composition,22.5克
鳖甲煎丸,紫葳,Herb,composition,22.5克
鳖甲煎丸,炙阿胶,Herb,composition,22.5克
鳖甲煎丸,瞿麦,Herb,composition,15克
鳖甲煎丸,桃仁,Herb,composition,15克
鳖甲煎丸,葶苈,Herb,composition,7.5克
鳖甲煎丸,半夏,Herb,composition,7.5克
鳖甲煎丸,人参,Herb,composition,7.5克
鳖甲煎丸,金匱要略,Source,source,
鳖甲煎丸,疟母,Category,category,
鳖甲煎丸,症瘕,Category,category,
黄土汤,甘草,Herb,composition,12g
黄土汤,干地黄,Herb,composition,60g
黄土汤,白术,Herb,composition,40g
黄土汤,附子(炮),Herb,composition,40g
黄土汤,阿胶,Herb,composition,48g
黄土汤,黄芩,Herb,composition,48g
黄土汤,灶中黄土,Herb,composition,120g
黄土汤,金匱要略,Source,source,
黄土汤,温阳健脾，养血止血,Category,category,
复元活血汤,柴胡,Herb,composition,15g
复元活血汤,瓜蒌根,Herb,composition,9g
复元活血汤,当归,Herb,composition,9g
复元活血汤,红花,Herb,composition,6g
复元活血汤,甘草,Herb,composition,6g
复元活血汤,穿山甲(炮),Herb,composition,6g
复元活血汤,大黄(酒浸),Herb,composition,30g
复元活血汤,桃仁(酒浸，去皮尖，研如泥),Herb,composition,15g
复元活血汤,医学发明,Source,source,
复元活血汤,活血祛瘀，疏肝通络,Category,category,
咳血方,青黛,Herb,composition,6g
咳血方,诃子,Herb,composition,6g
咳血方,瓜蒌仁,Herb,composition,9g
咳血方,海粉,Herb,composition,9g
咳血方,山栀子,Herb,composition,9g
咳血方,丹溪心法,Source,source,
咳血方,清肝宁肺，凉血止血,Category,category,
十灰散,大蓟,Herb,composition,9g
十灰散,小蓟,Herb,composition,9g
十灰散,荷叶,Herb,composition,9g
十灰散,侧柏叶,Herb,composition,9g
十灰散,茅根,Herb,composition,9g
十灰散,茜根,Herb,composition,9g
十灰散,山栀,Herb,composition,9g
十灰散,大黄,Herb,composition,9g
十灰散,牡丹皮,Herb,composition,9g
十灰散,棕榈皮,Herb,composition,9g
十灰散,十药神书,Source,source,
十灰散,凉血止血,Category,category,
小蓟饮子,生地黄,Herb,composition,9g
小蓟饮子,小蓟,Herb,composition,9g
小蓟饮子,滑石,Herb,composition,9g
小蓟饮子,木通,Herb,composition,9g
小蓟饮子,蒲黄,Herb,composition,9g
小蓟饮子,藕节,Herb,composition,9g
小蓟饮子,淡竹叶,Herb,composition,9g
小蓟饮子,当归,Herb,composition,9g
小蓟饮子,山栀子,Herb,composition,9g
小蓟饮子,甘草,Herb,composition,9g
小蓟饮子,济生方,Source,source,
小蓟饮子,利水通淋剂,Category,category,
失笑散,五灵脂,Herb,composition,6g
失笑散,蒲黄,Herb,composition,6g
失笑散,太平惠民和剂局方,Source,source,
失笑散,活血祛瘀剂,Category,category,
桃核承气汤,桃仁,Herb,composition,五十个（12g）
桃核承气汤,大黄,Herb,composition,四两（12g）
桃核承气汤,桂枝,Herb,composition,二两（6g）
桃核承气汤,甘草,Herb,composition,二两（12g）
桃核承气汤,芒硝,Herb,composition,二两（6g）
桃核承气汤,伤寒论,Source,source,
桃核承气汤,逐瘀泻热，破血下瘀,Function,efficacy,
桃核承气汤,下焦蓄血证,Indication,treatment,
血府逐瘀汤,桃仁,Herb,composition,12g
血府逐瘀汤,红花,Herb,composition,9g
血府逐瘀汤,当归,Herb,composition,9g
血府逐瘀汤,生地黄,Herb,composition,9g
血府逐瘀汤,牛膝,Herb,composition,9g
血府逐瘀汤,川芎,Herb,composition,4.5g
血府逐瘀汤,桔梗,Herb,composition,4.5g
血府逐瘀汤,赤芍,Herb,composition,6g
血府逐瘀汤,枳壳,Herb,composition,6g
血府逐瘀汤,甘草,Herb,composition,6g
血府逐瘀汤,柴胡,Herb,composition,3g
血府逐瘀汤,医林改错,Source,source,
血府逐瘀汤,活血化瘀方,Category,category,
桂枝茯苓丸,桂枝,Herb,composition,9g
桂枝茯苓丸,茯苓,Herb,composition,9g
桂枝茯苓丸,丹皮去心,Herb,composition,9g
桂枝茯苓丸,桃仁去皮尖,Herb,composition,9g
桂枝茯苓丸,芍药,Herb,composition,9g
桂枝茯苓丸,金匮要略,Source,source,
桂枝茯苓丸,活血化瘀剂,Category,category,
苏子降气汤,紫苏子,Herb,composition,75g
苏子降气汤,半夏,Herb,composition,75g
苏子降气汤,川当归,Herb,composition,45g
苏子降气汤,甘草,Herb,composition,6g
苏子降气汤,前胡,Herb,composition,30g
苏子降气汤,厚朴,Herb,composition,30g
苏子降气汤,肉桂,Herb,composition,45g
苏子降气汤,备急千金要方,Source,source,
苏子降气汤,太平惠民和剂局方,Source,source,
橘皮竹茹汤,橘皮,Herb,composition,12g
橘皮竹茹汤,竹茹,Herb,composition,12g
橘皮竹茹汤,大枣,Herb,composition,5枚
橘皮竹茹汤,生姜,Herb,composition,9g
橘皮竹茹汤,甘草,Herb,composition,6g
橘皮竹茹汤,人参,Herb,composition,3g
橘皮竹茹汤,金匱要略,Source,source,
橘皮竹茹汤,丁香柿蒂汤,RelatedFormula,related_formula,
橘皮竹茹汤,症因脉治,Source,source,
金铃子散,金铃子,Herb,composition,30g
金铃子散,玄胡,Herb,composition,30g
金铃子散,太平聖惠方,Source,source,
金铃子散,疏肝剂,Category,category,
天台乌药散,天台乌药,Herb,composition,半两 (15g)
天台乌药散,木香,Herb,composition,半两 (15g)
天台乌药散,小茴香,Herb,composition,微炒 半两 (15g)
天台乌药散,青皮,Herb,composition,汤浸，去白，焙 半两 (15g)
天台乌药散,高良姜,Herb,composition,炒 半两 (15g)
天台乌药散,槟榔,Herb,composition,锉 二个 (9g)
天台乌药散,川楝子,Herb,composition,十个 (12g)
天台乌药散,巴豆,Herb,composition,七十粒 (12g)
天台乌药散,圣济总录,Source,source,
天台乌药散,行气疏肝，散寒止痛,Category,category,
定喘汤,白果,Herb,composition,9g
定喘汤,麻黄,Herb,composition,9g
定喘汤,苏子,Herb,composition,6g
定喘汤,甘草,Herb,composition,3g
定喘汤,款冬花,Herb,composition,9g
定喘汤,杏仁,Herb,composition,4.5g
定喘汤,桑白皮,Herb,composition,9g
定喘汤,黄芩,Herb,composition,6g
定喘汤,半夏,Herb,composition,9g
定喘汤,摄生众妙方,Source,source,
定喘汤,宣肺降气，清热化痰,Category,category,
暖肝煎,当归,Herb,composition,6g
暖肝煎,枸杞子,Herb,composition,9g
暖肝煎,茯苓,Herb,composition,6g
暖肝煎,小茴香,Herb,composition,6g
暖肝煎,肉桂,Herb,composition,3g
暖肝煎,乌药,Herb,composition,6g
暖肝煎,沉香,Herb,composition,3g
暖肝煎,木香,Herb,composition,3g
暖肝煎,景岳全书,Source,source,
暖肝煎,温补肝肾，行气止痛,Category,category,
枳实薤白桂枝汤,枳实,Herb,composition,12g
枳实薤白桂枝汤,厚朴,Herb,composition,12g
枳实薤白桂枝汤,薤白,Herb,composition,9g
枳实薤白桂枝汤,桂枝,Herb,composition,3g
枳实薤白桂枝汤,瓜蒌实,Herb,composition,12g
枳实薤白桂枝汤,金匮要略,Source,source,
枳实薤白桂枝汤,胸痹,Category,category,
越鞠丸,香附,Herb,composition,6~10g
越鞠丸,川芎,Herb,composition,6~10g
越鞠丸,苍术,Herb,composition,6~10g
越鞠丸,栀子,Herb,composition,6~10g
越鞠丸,神曲,Herb,composition,6~10g
越鞠丸,丹溪心法,Source,source,
越鞠丸,行气解郁,Category,category,
旋覆代赭汤,旋覆花,Herb,composition,9g
旋覆代赭汤,半夏(洗),Herb,composition,9g
旋覆代赭汤,甘草(炙),Herb,composition,9g
旋覆代赭汤,人参,Herb,composition,6g
旋覆代赭汤,代赭石,Herb,composition,6g
旋覆代赭汤,生姜,Herb,composition,15g
旋覆代赭汤,大枣(擘),Herb,composition,4枚
旋覆代赭汤,伤寒论,Source,source,
旋覆代赭汤,降逆化痰，益气和胃,Function,function,
旋覆代赭汤,胃虚痰阻气逆证,Indication,indication,
小半夏汤,半夏,Herb,composition,20g
小半夏汤,生姜,Herb,composition,10g
小半夏汤,金匮要略,Source,source,
小半夏汤,化痰散饮，和胃降逆,Category,category,
半夏厚朴汤,半夏,Herb,composition,12g
半夏厚朴汤,茯苓,Herb,composition,12g
半夏厚朴汤,厚朴,Herb,composition,9g
半夏厚朴汤,生姜,Herb,composition,15g
半夏厚朴汤,苏叶,Herb,composition,6g
半夏厚朴汤,金匮要略,Source,source,
半夏厚朴汤,梅核气,Category,category,
葛花解酲汤,葛花,Herb,composition,15克
葛花解酲汤,木香,Herb,composition,10克
葛花解酲汤,砂仁,Herb,composition,15克
葛花解酲汤,茯苓,Herb,composition,10克
葛花解酲汤,猪苓,Herb,composition,10克
葛花解酲汤,人参,Herb,composition,10克
葛花解酲汤,白术,Herb,composition,10克
葛花解酲汤,白豆蔻,Herb,composition,15克
葛花解酲汤,青皮,Herb,composition,10克
葛花解酲汤,陈皮,Herb,composition,10克
葛花解酲汤,神曲,Herb,composition,10克
葛花解酲汤,干姜,Herb,composition,10克
葛花解酲汤,泽泻,Herb,composition,10克
葛花解酲汤,内外伤辨惑论,Source,source,
葛花解酲汤,酒食伤脾,Category,category,
枳实消痞丸,干生姜,Herb,composition,6g
枳实消痞丸,甘草(炙),Herb,composition,6g
枳实消痞丸,麦芽曲,Herb,composition,6g
枳实消痞丸,白茯苓,Herb,composition,6g
枳实消痞丸,白术,Herb,composition,6g
枳实消痞丸,半夏曲,Herb,composition,9g
枳实消痞丸,人参,Herb,composition,9g
枳实消痞丸,厚朴(炙),Herb,composition,12g
枳实消痞丸,枳实,Herb,composition,15g
枳实消痞丸,黄连,Herb,composition,15g
枳实消痞丸,兰室秘藏,Source,source,
枳实消痞丸,消痞除满，健脾和胃,Category,category,
枳实导滞丸,大黄,Herb,composition,30g
枳实导滞丸,枳实,Herb,composition,15g
枳实导滞丸,神曲,Herb,composition,15g
枳实导滞丸,茯苓,Herb,composition,9g
枳实导滞丸,黄芩,Herb,composition,9g
枳实导滞丸,黄连,Herb,composition,9g
枳实导滞丸,白术,Herb,composition,9g
枳实导滞丸,泽泻,Herb,composition,6g
枳实导滞丸,内外伤辨惑论,Source,source,
枳实导滞丸,消食导滞剂,Category,category,
健脾丸,白术,Herb,composition,75g
健脾丸,木香,Herb,composition,22g
健脾丸,黄连,Herb,composition,22g
健脾丸,甘草,Herb,composition,22g
健脾丸,白茯苓,Herb,composition,60g
健脾丸,人参,Herb,composition,45g
健脾丸,神曲,Herb,composition,30g
健脾丸,陈皮,Herb,composition,30g
健脾丸,砂仁,Herb,composition,30g
健脾丸,麦芽,Herb,composition,30g
健脾丸,山楂,Herb,composition,30g
健脾丸,山药,Herb,composition,30g
健脾丸,肉豆蔻,Herb,composition,30g
健脾丸,证治准绳,Source,source,
健脾丸,消补兼施,Category,category,
清络饮,鲜荷叶边,Herb,composition,6g
清络饮,鲜银花,Herb,composition,6g
清络饮,丝瓜皮,Herb,composition,6g
清络饮,西瓜翠衣,Herb,composition,6g
清络饮,鲜扁豆花,Herb,composition,6g
清络饮,鲜竹叶心,Herb,composition,6g
清络饮,温病条辨,Source,source,
清络饮,祛暑剂,Category,category,
香薷散,香薷,Herb,composition,一斤 (500g)
香薷散,白扁豆,Herb,composition,半斤 (250g)
香薷散,厚朴,Herb,composition,半斤 (250g)
香薷散,太平惠民和剂局方,Source,source,
香薷散,祛暑剂,Category,category,
六一散,滑石,Herb,composition,六两 (180g)
六一散,甘草,Herb,composition,一两 (30g)
六一散,黄帝素问宣明论方,Source,source,
六一散,祛暑剂,Category,category,
桂苓甘露飲,滑石,Herb,composition,30g
桂苓甘露飲,猪苓,Herb,composition,15g
桂苓甘露飲,石膏,Herb,composition,30g
桂苓甘露飲,寒水石,Herb,composition,30g
桂苓甘露飲,泽泻,Herb,composition,15g
桂苓甘露飲,茯苓,Herb,composition,15g
桂苓甘露飲,白术,Herb,composition,12g
桂苓甘露飲,官桂,Herb,composition,3g
桂苓甘露飲,甘草,Herb,composition,15g
桂苓甘露飲,黄帝素问宣明论方,Source,source,
桂苓甘露飲,祛暑剂,Category,category,
清暑益气汤,西洋参,Herb,composition,5g
清暑益气汤,石斛,Herb,composition,15g
清暑益气汤,麦冬,Herb,composition,9g
清暑益气汤,黄连,Herb,composition,3g
清暑益气汤,竹叶,Herb,composition,6g
清暑益气汤,荷梗,Herb,composition,6g
清暑益气汤,知母,Herb,composition,6g
清暑益气汤,甘草,Herb,composition,3g
清暑益气汤,粳米,Herb,composition,15g
清暑益气汤,西瓜翠衣,Herb,composition,30g
清暑益气汤,温热经纬,Source,source,
清暑益气汤,祛暑剂,Category,category,
萆薢分清散,益智仁,Herb,composition,9g
萆薢分清散,川萆薢,Herb,composition,9g
萆薢分清散,石菖蒲,Herb,composition,9g
萆薢分清散,乌药,Herb,composition,9g
萆薢分清散,杨氏家藏方,Source,source,
萆薢分清散,祛湿剂,Category,category,
当归拈痛汤,羌活,Herb,composition,15g
当归拈痛汤,甘草,Herb,composition,15g
当归拈痛汤,茵陈,Herb,composition,15g (酒炒)
当归拈痛汤,防风,Herb,composition,9g
当归拈痛汤,苍术,Herb,composition,9g
当归拈痛汤,当归身,Herb,composition,9g
当归拈痛汤,知母,Herb,composition,9g (酒洗)
当归拈痛汤,猪苓,Herb,composition,9g
当归拈痛汤,泽泻,Herb,composition,9g
当归拈痛汤,升麻,Herb,composition,3g
当归拈痛汤,白术,Herb,composition,3g
当归拈痛汤,黄芩,Herb,composition,3g (炒)
当归拈痛汤,葛根,Herb,composition,6g
当归拈痛汤,人参,Herb,composition,6g
当归拈痛汤,苦参,Herb,composition,6g (酒浸)
当归拈痛汤,医学启源,Source,source,
当归拈痛汤,祛湿剂,Category,category,
连朴饮,制厚朴,Herb,composition,6g
连朴饮,川连,Herb,composition,姜汁炒
连朴饮,石菖蒲,Herb,composition,3g
连朴饮,制半夏,Herb,composition,3g
连朴饮,香豉,Herb,composition,炒9g
连朴饮,焦栀,Herb,composition,9g
连朴饮,芦根,Herb,composition,60g
连朴饮,霍乱论,Source,source,
连朴饮,祛湿剂,Category,category,
实脾散（实脾饮）,厚朴,Herb,composition,6g
实脾散（实脾饮）,白术,Herb,composition,6g
实脾散（实脾饮）,木瓜,Herb,composition,6g
实脾散（实脾饮）,木香,Herb,composition,6g
实脾散（实脾饮）,草果仁,Herb,composition,6g
实脾散（实脾饮）,大腹子,Herb,composition,6g
实脾散（实脾饮）,附子,Herb,composition,6g
实脾散（实脾饮）,白茯苓,Herb,composition,6g
实脾散（实脾饮）,干姜,Herb,composition,6g
实脾散（实脾饮）,炙甘草,Herb,composition,3g
实脾散（实脾饮）,重订严氏济生方,Source,source,
实脾散（实脾饮）,祛湿剂,Category,category,
羌活胜湿汤,羌活,Herb,composition,6g
羌活胜湿汤,独活,Herb,composition,6g
羌活胜湿汤,藁本,Herb,composition,3g
羌活胜湿汤,防风,Herb,composition,3g
羌活胜湿汤,甘草(炙),Herb,composition,3g
羌活胜湿汤,蔓荆子,Herb,composition,2g
羌活胜湿汤,川芎,Herb,composition,1.5g
羌活胜湿汤,脾胃论,Source,source,
羌活胜湿汤,祛湿剂,Category,category,
甘露消毒丹,飞滑石,Herb,composition,450g
甘露消毒丹,淡黄芩,Herb,composition,300g
甘露消毒丹,绵茵陈,Herb,composition,330g
甘露消毒丹,石菖蒲,Herb,composition,180g
甘露消毒丹,川贝母,Herb,composition,150g
甘露消毒丹,木通,Herb,composition,150g
甘露消毒丹,藿香,Herb,composition,120g
甘露消毒丹,连翘,Herb,composition,120g
甘露消毒丹,白蔻仁,Herb,composition,120g
甘露消毒丹,薄荷,Herb,composition,120g
甘露消毒丹,射干,Herb,composition,120g
甘露消毒丹,医效秘传,Source,source,
甘露消毒丹,祛湿剂,Category,category,
八正散,车前子,Herb,composition,500g
八正散,瞿麦,Herb,composition,500g
八正散,扁蓄,Herb,composition,500g
八正散,滑石,Herb,composition,500g
八正散,山栀子仁,Herb,composition,500g
八正散,甘草(炙),Herb,composition,500g
八正散,木通,Herb,composition,500g
八正散,大黄(面裹，煨，去面，切，焙),Herb,composition,500g
八正散,扁蓄,Herb,composition,9g
八正散,麦,Herb,composition,9g
八正散,黑栀子,Herb,composition,9g
八正散,连翘壳,Herb,composition,9g
八正散,茯苓,Herb,composition,15g
八正散,车前子,Herb,composition,15g
八正散,白茅根,Herb,composition,30g
八正散,鹿衔草,Herb,composition,9g
八正散,滑石,Herb,composition,12g
八正散,甘草,Herb,composition,3g
八正散,太平惠民和剂局方,Source,source,
八正散,祛湿剂,Category,category,
二妙散,黄柏,Herb,composition,15g
二妙散,苍术,Herb,composition,15g
二妙散,丹溪心法,Source,source,
二妙散,祛湿剂,Category,category,
三仁汤,杏仁,Herb,composition,15g
三仁汤,飞滑石,Herb,composition,18g
三仁汤,白通草,Herb,composition,6g
三仁汤,白蔻仁,Herb,composition,6g
三仁汤,竹叶,Herb,composition,6g
三仁汤,厚朴,Herb,composition,6g
三仁汤,生薏苡仁,Herb,composition,18g
三仁汤,半夏,Herb,composition,15g
三仁汤,温病条辨,Source,source,
三仁汤,祛湿剂,Category,category,
平胃散,苍术,Herb,composition,120g
平胃散,厚朴,Herb,composition,90g
平胃散,陈橘皮,Herb,composition,60g
平胃散,甘草,Herb,composition,30g
平胃散,简要济众方,Source,source,
平胃散,祛湿剂,Category,category,
防己黄芪汤,防己,Herb,composition,12g
防己黄芪汤,黄芪,Herb,composition,15g
防己黄芪汤,甘草,Herb,composition,6g
防己黄芪汤,白术,Herb,composition,9g
防己黄芪汤,生姜,Herb,composition,四片
防己黄芪汤,大枣,Herb,composition,一枚
防己黄芪汤,金匮要略,Source,source,
防己黄芪汤,祛湿剂,Category,category,
藿香正气散,大腹皮,Herb,composition,30g
藿香正气散,白芷,Herb,composition,30g
藿香正气散,紫苏,Herb,composition,30g
藿香正气散,茯苓(去皮),Herb,composition,30g
藿香正气散,半夏曲,Herb,composition,60g
藿香正气散,白术,Herb,composition,60g
藿香正气散,陈皮(去白),Herb,composition,60g
藿香正气散,厚朴(去粗皮，姜汁炙),Herb,composition,60g
藿香正气散,苦桔梗,Herb,composition,60g
藿香正气散,藿香(去土),Herb,composition,90g
藿香正气散,甘草(炙),Herb,composition,75g
藿香正气散,太平惠民和剂局方,Source,source,
藿香正气散,祛湿剂,Category,category,
独活寄生汤,独活,Herb,composition,9g
独活寄生汤,桑寄生,Herb,composition,6g
独活寄生汤,杜仲,Herb,composition,6g
独活寄生汤,牛膝,Herb,composition,6g
独活寄生汤,细辛,Herb,composition,6g
独活寄生汤,秦艽,Herb,composition,6g
独活寄生汤,茯苓,Herb,composition,6g
独活寄生汤,肉桂心,Herb,composition,6g
独活寄生汤,防风,Herb,composition,6g
独活寄生汤,川芎,Herb,composition,6g
独活寄生汤,人参,Herb,composition,6g
独活寄生汤,甘草,Herb,composition,6g
独活寄生汤,当归,Herb,composition,6g
独活寄生汤,芍药,Herb,composition,6g
独活寄生汤,干地黄,Herb,composition,6g
独活寄生汤,备急千金要方,Source,source,
独活寄生汤,祛湿剂,Category,category,
五苓散,茯苓,Herb,composition,9克
五苓散,猪苓,Herb,composition,9克
五苓散,泽泻,Herb,composition,12克
五苓散,白术,Herb,composition,9克
五苓散,桂枝,Herb,composition,6克
五苓散,伤寒论,Source,source,
五苓散,祛湿剂,Category,category,
济川煎,当归,Herb,composition,9～15克
济川煎,牛膝,Herb,composition,6克
济川煎,肉苁蓉,Herb,composition,6～9克
济川煎,泽泻,Herb,composition,4.5克
济川煎,升麻,Herb,composition,1.5～3克
济川煎,枳壳,Herb,composition,3克
济川煎,景岳全书,Source,source,
济川煎,泻下剂,Category,category,
麻子仁丸 (脾約丸),火麻仁(麻子仁),Herb,composition,500克
麻子仁丸 (脾約丸),芍药,Herb,composition,250克
麻子仁丸 (脾約丸),枳实,Herb,composition,250克
麻子仁丸 (脾約丸),大黄,Herb,composition,500克
麻子仁丸 (脾約丸),厚朴,Herb,composition,250克
麻子仁丸 (脾約丸),杏仁,Herb,composition,250克
麻子仁丸 (脾約丸),伤寒论,Source,source,
麻子仁丸 (脾約丸),泻下剂,Category,category,
大黄牡丹汤,大黄,Herb,composition,四两(12g)
大黄牡丹汤,牡丹皮,Herb,composition,一两(3g)
大黄牡丹汤,桃仁,Herb,composition,五十个(9g)
大黄牡丹汤,冬瓜仁,Herb,composition,半升(30g)
大黄牡丹汤,芒硝,Herb,composition,三合(9g)
大黄牡丹汤,红花,Herb,composition,30g
大黄牡丹汤,苦参,Herb,composition,30g
大黄牡丹汤,白及,Herb,composition,30g
大黄牡丹汤,冬瓜子,Herb,composition,20g
大黄牡丹汤,五倍子,Herb,composition,20g
大黄牡丹汤,艾叶,Herb,composition,20g
大黄牡丹汤,金匮要略,Source,source,
大黄牡丹汤,泻下剂,Category,category,
大陷胸汤,大黄,Herb,composition,六两 (10g)
大陷胸汤,芒硝,Herb,composition,一升 (10g)
大陷胸汤,甘遂,Herb,composition,一钱匕 (1g)
大陷胸汤,金匮要略,Source,source,
大陷胸汤,泻下剂,Category,category,
十枣汤,芫花,Herb,composition,1.5g
十枣汤,大戟,Herb,composition,1.5g
十枣汤,甘遂,Herb,composition,1.5g
十枣汤,大枣,Herb,composition,10枚
十枣汤,伤寒论,Source,source,
十枣汤,泻下剂,Category,category,
大承气汤,大黄,Herb,composition,四两 (12g)；12克(酒洗)
大承气汤,厚朴,Herb,composition,半斤 (24g)；6克(炙，去皮)
大承气汤,枳实,Herb,composition,五枚 (12g)；9克(大者，炙)
大承气汤,芒硝,Herb,composition,三合 (9g)
大承气汤,伤寒论,Source,source,
大承气汤,泻下剂,Category,category,
黄龙汤,大黄,Herb,composition,9g
黄龙汤,芒硝,Herb,composition,12g
黄龙汤,枳实,Herb,composition,6g
黄龙汤,厚朴,Herb,composition,3g
黄龙汤,当归,Herb,composition,9g
黄龙汤,人参,Herb,composition,6g
黄龙汤,甘草,Herb,composition,3g
黄龙汤,桔梗,Herb,composition,3g
黄龙汤,生姜,Herb,composition,3片
黄龙汤,大枣,Herb,composition,2枚
黄龙汤,伤寒六书,Source,source,
黄龙汤,泻下剂,Category,category,
温脾汤,大黄,Herb,composition,15g
温脾汤,当归,Herb,composition,9g
温脾汤,干姜,Herb,composition,9g
温脾汤,附子,Herb,composition,6g
温脾汤,人参,Herb,composition,6g
温脾汤,芒硝,Herb,composition,6g
温脾汤,甘草,Herb,composition,6g
温脾汤,千金备急方,Source,source,
温脾汤,泻下剂,Category,category,
左归丸,大怀熟,Herb,composition,八两（24g）
左归丸,山药,Herb,composition,四两（12g）
左归丸,枸杞,Herb,composition,四两（12g）
左归丸,山茱萸肉,Herb,composition,四两（12g）
左归丸,川牛膝,Herb,composition,三两（9g）
左归丸,菟丝子,Herb,composition,四两（12g）
左归丸,鹿胶,Herb,composition,四两（12g）
左归丸,龟胶,Herb,composition,四两（12g）
左归丸,景岳全书,Source,source,
左归丸,补益剂,Category,category,
右归丸,熟地黄,Herb,composition,八两 (240g)
右归丸,山药,Herb,composition,炒四两 (120g)
右归丸,山茱萸,Herb,composition,微炒，三两 (90g)
右归丸,枸杞子,Herb,composition,微炒，三两 (90g)
右归丸,菟丝子,Herb,composition,制，四两 (120g)
右归丸,鹿角胶,Herb,composition,炒珠，四两 (120g)
右归丸,杜仲,Herb,composition,姜汁炒，四两 (120g)
右归丸,肉桂,Herb,composition,二两 (60g)
右归丸,当归,Herb,composition,三两 (90g)
右归丸,制附子,Herb,composition,二两，渐可加至五六两 (60~180g)
右归丸,景岳全书,Source,source,
右归丸,补益剂,Category,category,
龟鹿二仙胶,鹿角,Herb,composition,5000g
龟鹿二仙胶,龟板,Herb,composition,2500g
龟鹿二仙胶,人参,Herb,composition,450g
龟鹿二仙胶,枸杞子,Herb,composition,900g
龟鹿二仙胶,医便,Source,source,
龟鹿二仙胶,补益剂,Category,category,
补中益气汤,黄芪,Herb,composition,15g
补中益气汤,人参,Herb,composition,15g
补中益气汤,党参,Herb,composition,15g
补中益气汤,白术,Herb,composition,10g
补中益气汤,炙甘草,Herb,composition,15g
补中益气汤,当归,Herb,composition,10g
补中益气汤,陈皮,Herb,composition,6g
补中益气汤,升麻,Herb,composition,6g
补中益气汤,柴胡,Herb,composition,12g
补中益气汤,生姜,Herb,composition,9片
补中益气汤,大枣,Herb,composition,6枚
补中益气汤,内外伤辨惑论,Source,source,
补中益气汤,补益剂,Category,category,
归脾汤,白术,Herb,composition,未明确剂量
归脾汤,当归,Herb,composition,未明确剂量
归脾汤,白茯苓,Herb,composition,未明确剂量
归脾汤,黄芪(炒),Herb,composition,未明确剂量
归脾汤,龙眼肉,Herb,composition,未明确剂量
归脾汤,远志,Herb,composition,未明确剂量
归脾汤,酸枣仁(炒),Herb,composition,未明确剂量
归脾汤,人参,Herb,composition,3g
归脾汤,木香,Herb,composition,1.5g
归脾汤,甘草(炙),Herb,composition,1g
归脾汤,正体类要,Source,source,
归脾汤,补益剂,Category,category,
当归补血汤,黄芪,Herb,composition,一两 (30g)
当归补血汤,当归,Herb,composition,酒洗二钱 (6g)
当归补血汤,内外伤辨惑论,Source,source,
当归补血汤,补益剂,Category,category,
参苓白术散,莲子肉,Herb,composition,500克
参苓白术散,薏苡仁,Herb,composition,500克
参苓白术散,缩砂仁,Herb,composition,500克
参苓白术散,桔梗,Herb,composition,500克
参苓白术散,白扁豆,Herb,composition,750克
参苓白术散,白茯苓,Herb,composition,1000克
参苓白术散,人参,Herb,composition,1000克
参苓白术散,甘草,Herb,composition,1000克
参苓白术散,白术,Herb,composition,1000克
参苓白术散,甘草,Herb,composition,6克
参苓白术散,山药,Herb,composition,1000克
参苓白术散,太平惠民和剂局方,Source,source,
参苓白术散,补益剂,Category,category,
肾气丸,干地黄,Herb,composition,八两（24g）
肾气丸,薯蓣,Herb,composition,四两（12g）
肾气丸,山茱萸,Herb,composition,四两（12g）
肾气丸,泽泻,Herb,composition,三两（9g）
肾气丸,茯苓,Herb,composition,三两（9g）
肾气丸,牡丹皮,Herb,composition,三两（9g）
肾气丸,桂枝,Herb,composition,一两（3g）
肾气丸,附子(炮),Herb,composition,一两（3g）
肾气丸,外科证治全生集,Source,source,
肾气丸,补益剂,Category,category,
炙甘草汤 (复脉汤),甘草,Herb,composition,12g
炙甘草汤 (复脉汤),生姜,Herb,composition,9g
炙甘草汤 (复脉汤),桂枝,Herb,composition,9g
炙甘草汤 (复脉汤),人参,Herb,composition,6g
炙甘草汤 (复脉汤),生地黄,Herb,composition,50g
炙甘草汤 (复脉汤),阿胶,Herb,composition,6g
炙甘草汤 (复脉汤),麦门冬,Herb,composition,10g
炙甘草汤 (复脉汤),麻仁,Herb,composition,10g
炙甘草汤 (复脉汤),大枣,Herb,composition,10枚
炙甘草汤 (复脉汤),西洋参,Herb,composition,6g
炙甘草汤 (复脉汤),火麻仁,Herb,composition,9g
炙甘草汤 (复脉汤),生地,Herb,composition,12g
炙甘草汤 (复脉汤),麦冬,Herb,composition,12g
炙甘草汤 (复脉汤),伤寒论,Source,source,
炙甘草汤 (复脉汤),医门补要,Source,source,
炙甘草汤 (复脉汤),补益剂,Category,category,
地黄饮子,熟干地黄,Herb,composition,12g
地黄饮子,巴戟天,Herb,composition,15g
地黄饮子,山茱萸,Herb,composition,15g
地黄饮子,石斛,Herb,composition,15g
地黄饮子,肉苁蓉,Herb,composition,15g
地黄饮子,附子,Herb,composition,15g
地黄饮子,五味子,Herb,composition,15g
地黄饮子,官桂,Herb,composition,15g
地黄饮子,白茯苓,Herb,composition,15g
地黄饮子,麦门冬,Herb,composition,15g
地黄饮子,菖蒲,Herb,composition,15g
地黄饮子,远志,Herb,composition,15g
地黄饮子,圣济总录,Source,source,
地黄饮子,补益剂,Category,category,
玉屏风散,防风,Herb,composition,30g
玉屏风散,黄芪,Herb,composition,60g蜜炙
玉屏风散,白术,Herb,composition,60g
玉屏风散,医方类聚,Source,source,
玉屏风散,补益固涩剂,Category,category,
生脉散,人参,Herb,composition,9g
生脉散,麦门冬,Herb,composition,9g
生脉散,五味子,Herb,composition,6g
生脉散,医学启源,Source,source,
生脉散,补益剂,Category,category,
完带汤,白术,Herb,composition,30g (土炒)
完带汤,山药,Herb,composition,30g (炒)
完带汤,人参,Herb,composition,6g
完带汤,白芍,Herb,composition,15g (酒炒)
完带汤,车前子,Herb,composition,9g (酒炒)
完带汤,苍术,Herb,composition,9g (制)
完带汤,甘草,Herb,composition,3g
完带汤,陈皮,Herb,composition,2g
完带汤,黑芥穗,Herb,composition,2g
完带汤,柴胡,Herb,composition,2g
完带汤,傅青主女科,Source,source,
完带汤,补益剂,Category,category,
四物汤,当归,Herb,composition,9g
四物汤,川芎,Herb,composition,6g
四物汤,白芍,Herb,composition,9g
四物汤,熟干地黄,Herb,composition,12g
四物汤,仙授理伤续断秘方,Source,source,
四物汤,补益剂,Category,category,
四君子汤,人参,Herb,composition,9g
四君子汤,白术,Herb,composition,9g
四君子汤,茯苓,Herb,composition,9g
四君子汤,甘草,Herb,composition,6g
四君子汤,太平惠民和剂局方,Source,source,
四君子汤,补益剂,Category,category,
八珍汤,人参,Herb,composition,30g
八珍汤,白术,Herb,composition,30g
八珍汤,白茯苓,Herb,composition,30g
八珍汤,当归,Herb,composition,30g
八珍汤,川芎,Herb,composition,30g
八珍汤,白芍药,Herb,composition,30g
八珍汤,熟地黄,Herb,composition,30g
八珍汤,甘草(炙),Herb,composition,30g
八珍汤,瑞竹堂经验方,Source,source,
八珍汤,补益剂,Category,category,
大补阴丸,熟地黄,Herb,composition,六两 (180g) 酒蒸
大补阴丸,龟板,Herb,composition,六两 (180g) 酥炙
大补阴丸,黄柏,Herb,composition,四两 (120g) 炒褐色
大补阴丸,知母,Herb,composition,四两 (120g) 酒浸炒
大补阴丸,丹溪心法,Source,source,
大补阴丸,补益剂,Category,category,
一贯煎,北沙参,Herb,composition,9g
一贯煎,麦冬,Herb,composition,9g
一贯煎,当归身,Herb,composition,9g
一贯煎,生地黄,Herb,composition,18-30g
一贯煎,枸杞子,Herb,composition,9-18g
一贯煎,川楝子,Herb,composition,4.5g
一贯煎,续名医类案,Source,source,
一贯煎,补益剂,Category,category,
六味地黄丸,熟地黄,Herb,composition,24g
六味地黄丸,山萸肉,Herb,composition,12g
六味地黄丸,干山药,Herb,composition,12g
六味地黄丸,泽泻,Herb,composition,9g
六味地黄丸,牡丹皮,Herb,composition,9g
六味地黄丸,茯苓去皮,Herb,composition,9g
六味地黄丸,小儿药证直诀,Source,source,
六味地黄丸,补益剂,Category,category,
牵正散,白附子,Herb,composition,等分
牵正散,白僵蚕,Herb,composition,等分
牵正散,全蝎,Herb,composition,等分
牵正散,杨氏家藏方,Source,source,
牵正散,祛风剂,Category,category,
消风散,当归,Herb,composition,6g
消风散,生地,Herb,composition,6g
消风散,防风,Herb,composition,6g
消风散,蝉蜕,Herb,composition,6g
消风散,知母,Herb,composition,6g
消风散,苦参,Herb,composition,6g
消风散,胡麻,Herb,composition,6g
消风散,荆芥,Herb,composition,6g
消风散,苍术,Herb,composition,6g
消风散,牛蒡子,Herb,composition,6g
消风散,石膏,Herb,composition,6g
消风散,甘草,Herb,composition,3g
消风散,木通,Herb,composition,3g
消风散,外科正宗,Source,source,
消风散,祛风剂,Category,category,
玉真散,生白附子,Herb,composition,等分
玉真散,生天南星,Herb,composition,等分
玉真散,天麻,Herb,composition,等分
玉真散,白芷,Herb,composition,等分
玉真散,防风,Herb,composition,等分
玉真散,羌活,Herb,composition,等分
玉真散,外科正宗,Source,source,
玉真散,祛风剂,Category,category,
川芎茶调散,川芎,Herb,composition,120g
川芎茶调散,荆芥,Herb,composition,120g
川芎茶调散,白芷,Herb,composition,60g
川芎茶调散,羌活,Herb,composition,60g
川芎茶调散,甘草爁,Herb,composition,60g
川芎茶调散,细辛,Herb,composition,30g
川芎茶调散,防风,Herb,composition,45g
川芎茶调散,薄荷叶,Herb,composition,240g
川芎茶调散,太平惠民和剂局方,Source,source,
川芎茶调散,祛风剂,Category,category,
羚角钩藤汤,羚角片,Herb,composition,4.5g，先煎
羚角钩藤汤,霜桑叶,Herb,composition,6g
羚角钩藤汤,京贝母,Herb,composition,12g，去心
羚角钩藤汤,鲜生地,Herb,composition,15g
羚角钩藤汤,双钩藤,Herb,composition,9g，后入
羚角钩藤汤,滁菊花,Herb,composition,9g
羚角钩藤汤,茯神木,Herb,composition,9g
羚角钩藤汤,生白芍,Herb,composition,9g
羚角钩藤汤,生甘草,Herb,composition,2.4g
羚角钩藤汤,淡竹茹,Herb,composition,15g，鲜刮，与羚羊角先煎代水
羚角钩藤汤,通俗伤寒论,Source,source,
羚角钩藤汤,祛风剂,Category,category,
镇肝熄风汤,怀牛膝,Herb,composition,一两(30克)
镇肝熄风汤,生赭石,Herb,composition,一两(30克)
镇肝熄风汤,生龙骨,Herb,composition,五钱(15克)
镇肝熄风汤,生牡蛎,Herb,composition,五钱(15克)
镇肝熄风汤,生龟甲,Herb,composition,五钱(15克)
镇肝熄风汤,生杭芍,Herb,composition,五钱(15克)
镇肝熄风汤,玄参,Herb,composition,五钱(15克)
镇肝熄风汤,天冬,Herb,composition,五钱(15克)
镇肝熄风汤,川楝子,Herb,composition,二钱(6克)
镇肝熄风汤,生麦芽,Herb,composition,二钱(6克)
镇肝熄风汤,茵陈,Herb,composition,二钱(6克)
镇肝熄风汤,甘草,Herb,composition,一钱半(4.5克)
镇肝熄风汤,医学衷中参西录,Source,source,
镇肝熄风汤,祛风剂,Category,category,
小活络丹,天南星,Herb,composition,180g
小活络丹,制川乌,Herb,composition,180g
小活络丹,制草乌,Herb,composition,180g
小活络丹,地龙,Herb,composition,180g
小活络丹,乳香(制),Herb,composition,65g
小活络丹,没药(制),Herb,composition,65g
小活络丹,太平惠民合剂局方,Source,source,
小活络丹,祛风剂,Category,category,
大秦艽汤,秦艽,Herb,composition,三两 (90g)
大秦艽汤,甘草,Herb,composition,二两 (60g)
大秦艽汤,川芎,Herb,composition,二两 (60g)
大秦艽汤,当归,Herb,composition,二两 (60g)
大秦艽汤,白芍药,Herb,composition,二两 (60g)
大秦艽汤,细辛,Herb,composition,半两 (15g)
大秦艽汤,川羌活,Herb,composition,一两 (30g)
大秦艽汤,防风,Herb,composition,一两 (30g)
大秦艽汤,黄芩,Herb,composition,一两 (30g)
大秦艽汤,石膏,Herb,composition,二两 (60g)
大秦艽汤,吴白芷,Herb,composition,一两 (30g)
大秦艽汤,白术,Herb,composition,一两 (30g)
大秦艽汤,生地黄,Herb,composition,一两 (30g)
大秦艽汤,熟地黄,Herb,composition,一两 (30g)
大秦艽汤,白茯苓,Herb,composition,一两 (30g)
大秦艽汤,川独活,Herb,composition,二两 (60g)
大秦艽汤,素问病机气宜保命集,Source,source,
大秦艽汤,祛风剂,Category,category,
大定风珠,生白芍,Herb,composition,六钱(18g)
大定风珠,阿胶,Herb,composition,三钱(9g)
大定风珠,生龟甲,Herb,composition,四钱(12g)
大定风珠,干地黄,Herb,composition,六钱(18g)
大定风珠,麻仁,Herb,composition,二钱(6g)
大定风珠,五味子,Herb,composition,二钱(6g)
大定风珠,生牡蛎,Herb,composition,四钱(12g)
大定风珠,麦冬连心,Herb,composition,六钱(18g)
大定风珠,炙甘草,Herb,composition,四钱(12g)
大定风珠,鸡子黄,Herb,composition,生二枚(2个)
大定风珠,鳖甲,Herb,composition,生四钱(12g)
大定风珠,温病条辨,Source,source,
大定风珠,祛风剂,Category,category,
天麻钩藤饮,天麻,Herb,composition,9g
天麻钩藤饮,川牛膝,Herb,composition,12g
天麻钩藤饮,钩藤,Herb,composition,12g
天麻钩藤饮,石决明,Herb,composition,18g
天麻钩藤饮,山栀,Herb,composition,9g
天麻钩藤饮,杜仲,Herb,composition,9g
天麻钩藤饮,黄芩,Herb,composition,9g
天麻钩藤饮,益母草,Herb,composition,9g
天麻钩藤饮,桑寄生,Herb,composition,9g
天麻钩藤饮,夜交藤,Herb,composition,9g
天麻钩藤饮,朱茯神,Herb,composition,9g
天麻钩藤饮,中医内科杂病证治新义,Source,source,
天麻钩藤饮,祛风剂,Category,category,
真人养脏汤（纯阳真人养脏汤）,人参,Herb,composition,6克
真人养脏汤（纯阳真人养脏汤）,当归,Herb,composition,6克
真人养脏汤（纯阳真人养脏汤）,白术,Herb,composition,6克
真人养脏汤（纯阳真人养脏汤）,肉豆蔻,Herb,composition,8克
真人养脏汤（纯阳真人养脏汤）,白芍,Herb,composition,12克
真人养脏汤（纯阳真人养脏汤）,诃子,Herb,composition,9克
真人养脏汤（纯阳真人养脏汤）,肉桂,Herb,composition,6克
真人养脏汤（纯阳真人养脏汤）,炙甘草,Herb,composition,6克
真人养脏汤（纯阳真人养脏汤）,木香,Herb,composition,3克
真人养脏汤（纯阳真人养脏汤）,罂粟壳,Herb,composition,9克
真人养脏汤（纯阳真人养脏汤）,太平惠民合剂局方,Source,source,
真人养脏汤（纯阳真人养脏汤）,固涩剂,Category,category,
桑螵蛸散,桑螵蛸,Herb,composition,30g
桑螵蛸散,远志,Herb,composition,30g
桑螵蛸散,菖蒲,Herb,composition,30g
桑螵蛸散,龙骨,Herb,composition,30g
桑螵蛸散,人参,Herb,composition,30g
桑螵蛸散,茯神,Herb,composition,30g
桑螵蛸散,当归,Herb,composition,30g
桑螵蛸散,龟甲,Herb,composition,30g(酥炙)
桑螵蛸散,本草衍义,Source,source,
桑螵蛸散,固涩剂,Category,category,
易黄汤,山药,Herb,composition,30g (炒)
易黄汤,芡实,Herb,composition,30g (炒)
易黄汤,黄柏,Herb,composition,6g (盐水炒)
易黄汤,车前子,Herb,composition,3g (酒炒)
易黄汤,白果,Herb,composition,12g (碎，十枚)
易黄汤,傅青主女科,Source,source,
易黄汤,固涩剂,Category,category,
固经丸,黄芩,Herb,composition,30g
固经丸,白芍,Herb,composition,30g
固经丸,龟板,Herb,composition,30g
固经丸,黄柏,Herb,composition,9g
固经丸,椿树根皮,Herb,composition,22.5g
固经丸,香附,Herb,composition,7.5g
固经丸,丹溪心法,Source,source,
固经丸,固涩剂,Category,category,
九仙散,人参,Herb,composition,30g
九仙散,款冬花,Herb,composition,30g
九仙散,桑白皮,Herb,composition,30g
九仙散,桔梗,Herb,composition,30g
九仙散,五味子,Herb,composition,30g
九仙散,阿胶,Herb,composition,30g
九仙散,乌梅,Herb,composition,30g
九仙散,贝母,Herb,composition,15g
九仙散,罂粟壳,Herb,composition,240g (去顶，蜜炒黄)
九仙散,卫生宝鉴,Source,source,
九仙散,固涩剂,Category,category,
固冲汤,白术,Herb,composition,30g
固冲汤,生黄芪,Herb,composition,18g
固冲汤,龙骨,Herb,composition,24g
固冲汤,牡蛎,Herb,composition,24g
固冲汤,萸肉,Herb,composition,24g
固冲汤,生杭芍,Herb,composition,12g
固冲汤,海螵蛸,Herb,composition,12g
固冲汤,茜草,Herb,composition,9g
固冲汤,棕边炭,Herb,composition,6g
固冲汤,五倍子,Herb,composition,1.5g
固冲汤,医学衷中参西录,Source,source,
固冲汤,固涩剂,Category,category,
牡蛎散,黄芪,Herb,composition,30g
牡蛎散,麻黄根,Herb,composition,9g
牡蛎散,牡蛎,Herb,composition,30g
牡蛎散,太平惠民和剂局方,Source,source,
牡蛎散,固涩剂,Category,category,
四神丸,肉豆蔻,Herb,composition,60g
四神丸,补骨脂,Herb,composition,102g
四神丸,五味子,Herb,composition,60g
四神丸,吴茱萸,Herb,composition,30g
四神丸,生姜,Herb,composition,120g
四神丸,红枣,Herb,composition,五十枚
四神丸,内科摘要,Source,source,
四神丸,固涩剂,Category,category,
金锁固精丸,沙苑蒺藜,Herb,composition,炒，60g
金锁固精丸,芡实,Herb,composition,蒸，60g
金锁固精丸,莲须,Herb,composition,60g
金锁固精丸,龙骨,Herb,composition,酥炙，30g
金锁固精丸,牡蛎,Herb,composition,盐水煮一日一夜，煅粉，30g
金锁固精丸,医方集解,Source,source,
金锁固精丸,固涩剂,Category,category,
滚痰丸,大黄,Herb,composition,240g (酒蒸)
滚痰丸,黄芩,Herb,composition,240g (酒洗净)
滚痰丸,礞石,Herb,composition,30g (捶碎，同焰硝30g，投入小砂罐内盖之，铁线缚定，盐泥固济，晒干，火煅红，候冷取出)
滚痰丸,沉香,Herb,composition,15g
滚痰丸,泰定养生主论,Source,source,
滚痰丸,玉机细微义,Source,source,
滚痰丸,祛痰剂,Category,category,
茯苓丸,茯苓,Herb,composition,30g
茯苓丸,枳壳(麸炒去瓢),Herb,composition,15g
茯苓丸,半夏,Herb,composition,30g
茯苓丸,风化朴硝,Herb,composition,3g
茯苓丸,是斋百—选方,Source,source,
茯苓丸,全生指迷方,Source,source,
茯苓丸,祛痰剂,Category,category,
定痫丸,明天麻,Herb,composition,一两 (30g)
定痫丸,僵蚕,Herb,composition,五钱 (15g)
定痫丸,川贝母,Herb,composition,一两 (30g)
定痫丸,全蝎,Herb,composition,五钱 (15g)
定痫丸,半夏,Herb,composition,一两 (30g)
定痫丸,茯苓,Herb,composition,一两 (30g)
定痫丸,茯神,Herb,composition,一两 (30g)
定痫丸,陈皮,Herb,composition,七钱 (20g)
定痫丸,远志,Herb,composition,七钱 (20g)
定痫丸,石菖蒲,Herb,composition,五钱 (15g)
定痫丸,胆南星,Herb,composition,五钱 (15g)
定痫丸,丹参,Herb,composition,二两 (60g)
定痫丸,麦冬,Herb,composition,二两 (60g)
定痫丸,琥珀,Herb,composition,五钱 (15g)
定痫丸,辰砂,Herb,composition,三钱 (9g)
定痫丸,甘草,Herb,composition,120g
定痫丸,竹沥汁,Herb,composition,100 ml
定痫丸,生姜汁,Herb,composition,50 ml
定痫丸,医学心悟,Source,source,
定痫丸,祛痰剂,Category,category,
苓甘五味姜辛汤,茯苓,Herb,composition,12g
苓甘五味姜辛汤,甘草,Herb,composition,9g
苓甘五味姜辛汤,干姜,Herb,composition,9g
苓甘五味姜辛汤,细辛,Herb,composition,5g
苓甘五味姜辛汤,五味子,Herb,composition,5g
苓甘五味姜辛汤,金匮要略,Source,source,
苓甘五味姜辛汤,祛痰剂,Category,category,
贝母瓜蒌散,贝母,Herb,composition,一钱五分 (5g)
贝母瓜蒌散,瓜蒌,Herb,composition,一钱 (3g)
贝母瓜蒌散,茯苓,Herb,composition,八分 (2.5g)
贝母瓜蒌散,橘红,Herb,composition,八分 (2.5g)
贝母瓜蒌散,花粉,Herb,composition,八分 (2.5g)
贝母瓜蒌散,桔梗,Herb,composition,八分 (2.5g)
贝母瓜蒌散,医学心悟,Source,source,
贝母瓜蒌散,祛痰剂,Category,category,
清气化痰丸,瓜蒌仁,Herb,composition,一两 (30g)
清气化痰丸,枳实,Herb,composition,一两 (30g)
清气化痰丸,陈皮,Herb,composition,一两 (30g)
清气化痰丸,茯苓,Herb,composition,一两 (30g)
清气化痰丸,黄芩,Herb,composition,一两 (30g)
清气化痰丸,胆南星,Herb,composition,一两半 (45g)
清气化痰丸,杏仁,Herb,composition,一两 (30g)
清气化痰丸,制半夏,Herb,composition,一两半 (45g)
清气化痰丸,医方考,Source,source,
清气化痰丸,祛痰剂,Category,category,
小陷胸汤,黄连,Herb,composition,6g
小陷胸汤,半夏,Herb,composition,12g (洗)
小陷胸汤,瓜蒌,Herb,composition,20g (实大者)
小陷胸汤,伤寒论,Source,source,
小陷胸汤,祛痰剂,Category,category,
半夏白术天麻汤,半夏,Herb,composition,一钱五分 (4.5g)
半夏白术天麻汤,天麻,Herb,composition,一钱 (3g)
半夏白术天麻汤,茯苓,Herb,composition,一钱 (3g)
半夏白术天麻汤,橘红,Herb,composition,一钱 (3g)
半夏白术天麻汤,白术,Herb,composition,三钱 (9g)
半夏白术天麻汤,甘草,Herb,composition,五分 (1.5g)
半夏白术天麻汤,生姜,Herb,composition,一片
半夏白术天麻汤,大枣,Herb,composition,二枚
半夏白术天麻汤,医学心悟,Source,source,
半夏白术天麻汤,祛痰剂,Category,category,
二陈汤,半夏,Herb,composition,15g (汤洗七次)
二陈汤,橘红,Herb,composition,15g
二陈汤,白茯苓,Herb,composition,9g
二陈汤,甘草,Herb,composition,4.5g (炙)
二陈汤,太平惠民和剂局方,Source,source,
二陈汤,祛痰剂,Category,category,
三子养亲汤,紫苏子,Herb,composition,9g
三子养亲汤,白芥子,Herb,composition,9g
三子养亲汤,莱菔子,Herb,composition,9g
三子养亲汤,皆效方,Source,source,
三子养亲汤,祛痰剂,Category,category,
温胆汤,半夏,Herb,composition,60g (汤洗七次)
温胆汤,竹茹,Herb,composition,60g
温胆汤,枳实,Herb,composition,60g (麸炒，去瓤)
温胆汤,陈皮,Herb,composition,90g
温胆汤,甘草,Herb,composition,30g (炙)
温胆汤,茯苓,Herb,composition,45g
温胆汤,三因极一病证方论,Source,source,
温胆汤,祛痰剂,Category,category,
甘麦大枣汤,甘草,Herb,composition,9~12g
甘麦大枣汤,小麦,Herb,composition,15~30g
甘麦大枣汤,大枣,Herb,composition,五~十枚
甘麦大枣汤,金匮要略,Source,source,
甘麦大枣汤,安神剂,Category,category,
黄芪桂枝五物汤,黄芪,Herb,composition,9g
黄芪桂枝五物汤,桂枝,Herb,composition,9g
黄芪桂枝五物汤,芍药,Herb,composition,9g
黄芪桂枝五物汤,生姜,Herb,composition,18g
黄芪桂枝五物汤,大枣,Herb,composition,4枚
黄芪桂枝五物汤,金匮要略,Source,source,
黄芪桂枝五物汤,温里剂,Category,category,
升陷汤,生黄芪,Herb,composition,六钱(18g)
升陷汤,知母,Herb,composition,三钱(9g)
升陷汤,柴胡,Herb,composition,一钱五分(5g)
升陷汤,桔梗,Herb,composition,一钱五分(5g)
升陷汤,升麻,Herb,composition,一钱(3g)
升陷汤,医学衷中参西录,Source,source,
升陷汤,温里剂,Category,category,
当归芍药散,当归,Herb,composition,9g
当归芍药散,芍药,Herb,composition,48g
当归芍药散,茯苓,Herb,composition,12g
当归芍药散,白术,Herb,composition,12g
当归芍药散,泽泻,Herb,composition,24g
当归芍药散,川芎,Herb,composition,10g
当归芍药散,金匮要略,Source,source,
当归芍药散,理血剂,Category,category,
暖肾助火汤,潞参,Herb,composition,9g
暖肾助火汤,白术,Herb,composition,9g（土炒）
暖肾助火汤,山药,Herb,composition,9g（炒）
暖肾助火汤,巴戟天,Herb,composition,15g（去心，盐水炒）
暖肾助火汤,覆盆子,Herb,composition,15g（盐水炒）
暖肾助火汤,桑螵蛸,Herb,composition,9g（盐水炒）
暖肾助火汤,附子片,Herb,composition,4.5g
暖肾助火汤,上元桂,Herb,composition,4.5g（去皮，研）
暖肾助火汤,芡实,Herb,composition,9g（炒）
暖肾助火汤,肉苁蓉,Herb,composition,3g（洗净）
暖肾助火汤,揣摩有得集,Source,source,
暖肾助火汤,补益剂,Category,category,
五萎汤,人参,Herb,composition,3g
五萎汤,白术,Herb,composition,3g
五萎汤,茯苓,Herb,composition,3g
五萎汤,甘草（炙）,Herb,composition,1.2g
五萎汤,当归,Herb,composition,4.5g
五萎汤,苡仁,Herb,composition,9g
五萎汤,麦冬,Herb,composition,6g
五萎汤,黄柏,Herb,composition,1.5g
五萎汤,知母,Herb,composition,1.5g
五萎汤,医学心悟,Source,source,卷三
五萎汤,清热祛湿剂,Category,category,
癫狂梦醒汤,桃仁,Herb,composition,24g
癫狂梦醒汤,炙甘草,Herb,composition,15g
癫狂梦醒汤,紫苏子,Herb,composition,12g
癫狂梦醒汤,柴胡,Herb,composition,9g
癫狂梦醒汤,木通,Herb,composition,9g
癫狂梦醒汤,赤芍,Herb,composition,9g
癫狂梦醒汤,大腹皮,Herb,composition,9g
癫狂梦醒汤,陈皮,Herb,composition,9g
癫狂梦醒汤,桑白皮,Herb,composition,9g
癫狂梦醒汤,香附,Herb,composition,6g
癫狂梦醒汤,半夏,Herb,composition,6g
癫狂梦醒汤,青皮,Herb,composition,6g
癫狂梦醒汤,医林改错,Source,source,
癫狂梦醒汤,理气剂,Category,category,
薯蓣丸，又名“大山芋丸”,薯蓣,Herb,composition,30克
薯蓣丸，又名“大山芋丸”,当归,Herb,composition,10克
薯蓣丸，又名“大山芋丸”,桂枝,Herb,composition,10克
薯蓣丸，又名“大山芋丸”,神曲,Herb,composition,10克
薯蓣丸，又名“大山芋丸”,干地黄,Herb,composition,10克
薯蓣丸，又名“大山芋丸”,大豆黄卷,Herb,composition,10克
薯蓣丸，又名“大山芋丸”,甘草,Herb,composition,28克
薯蓣丸，又名“大山芋丸”,人参,Herb,composition,7克
薯蓣丸，又名“大山芋丸”,阿胶,Herb,composition,7克
薯蓣丸，又名“大山芋丸”,川芎,Herb,composition,6克
薯蓣丸，又名“大山芋丸”,白芍,Herb,composition,6克
薯蓣丸，又名“大山芋丸”,白术,Herb,composition,6克
薯蓣丸，又名“大山芋丸”,麦门冬,Herb,composition,6克
薯蓣丸，又名“大山芋丸”,防风,Herb,composition,6克
薯蓣丸，又名“大山芋丸”,杏仁,Herb,composition,6克
薯蓣丸，又名“大山芋丸”,柴胡,Herb,composition,5克
薯蓣丸，又名“大山芋丸”,桔梗,Herb,composition,5克
薯蓣丸，又名“大山芋丸”,茯苓,Herb,composition,5克
薯蓣丸，又名“大山芋丸”,干姜,Herb,composition,3克
薯蓣丸，又名“大山芋丸”,白蔹,Herb,composition,2克
薯蓣丸，又名“大山芋丸”,大枣,Herb,composition,100个
薯蓣丸，又名“大山芋丸”,金匮要略,Source,source,
薯蓣丸，又名“大山芋丸”,补益剂,Category,category,
升阳益胃汤,黄芪,Herb,composition,30g
升阳益胃汤,半夏,Herb,composition,15g
升阳益胃汤,人参,Herb,composition,15g
升阳益胃汤,炙甘草,Herb,composition,15g
升阳益胃汤,独活,Herb,composition,9g
升阳益胃汤,防风,Herb,composition,9g
升阳益胃汤,白芍药,Herb,composition,9g
升阳益胃汤,羌活,Herb,composition,9g
升阳益胃汤,橘皮,Herb,composition,6g
升阳益胃汤,茯苓,Herb,composition,5g
升阳益胃汤,柴胡,Herb,composition,5g
升阳益胃汤,泽泻,Herb,composition,5g
升阳益胃汤,白术,Herb,composition,5g
升阳益胃汤,黄连,Herb,composition,1.5g
升阳益胃汤,内外伤辨惑论,Source,source,
升阳益胃汤,补益剂,Category,category,
麻杏石甘汤,麻黄,Herb,composition,9~12g（4两）
麻杏石甘汤,杏仁,Herb,composition,9g（50个去皮尖）
麻杏石甘汤,甘草,Herb,composition,6g（2两炙）
麻杏石甘汤,石膏,Herb,composition,24g
麻杏石甘汤,伤寒论,Source,source,
麻杏石甘汤,解表剂,Category,category,
定经汤,菟丝子,Herb,composition,30克(酒炒)
定经汤,白芍,Herb,composition,30克(酒炒)
定经汤,当归,Herb,composition,30克(酒洗)
定经汤,大熟地,Herb,composition,15克(九蒸)
定经汤,山药,Herb,composition,15克
定经汤,白茯苓,Herb,composition,9克
定经汤,芥穗,Herb,composition,6克(炒黑)
定经汤,柴胡,Herb,composition,15克
定经汤,傅青主女科,Source,source,
定经汤,补益、理血剂,Category,category,
温经摄血汤,大熟地,Herb,composition,30克(九蒸)
温经摄血汤,白芍,Herb,composition,30克(酒炒)
温经摄血汤,川芎,Herb,composition,15克(酒洗)
温经摄血汤,白术,Herb,composition,15克(土炒)
温经摄血汤,柴胡,Herb,composition,1.5克
温经摄血汤,五味子,Herb,composition,0.9克
温经摄血汤,肉桂,Herb,composition,1.5克(去粗研)
温经摄血汤,续断,Herb,composition,3克
温经摄血汤,傅青主女科,Source,source,
温经摄血汤,解表剂,Category,category,
黄连阿胶汤,黄连,Herb,composition,四两(12克)、9克
黄连阿胶汤,黄芩,Herb,composition,二两(6克)、6克
黄连阿胶汤,芍药,Herb,composition,二两(6克)、15克
黄连阿胶汤,鸡子黄,Herb,composition,二枚
黄连阿胶汤,阿胶,Herb,composition,三两(9克)、9克
黄连阿胶汤,炒生地,Herb,composition,12克
黄连阿胶汤,生白芍,Herb,composition,15克
黄连阿胶汤,炙甘草,Herb,composition,4.5克
黄连阿胶汤,伤寒论,Source,source,
黄连阿胶汤,温病条辨,Source,source,
黄连阿胶汤,安神剂,Category,category,
桂枝加龙骨牡蛎汤,桂枝,Herb,composition,9克
桂枝加龙骨牡蛎汤,芍药,Herb,composition,9克
桂枝加龙骨牡蛎汤,生姜,Herb,composition,9克
桂枝加龙骨牡蛎汤,甘草,Herb,composition,6克
桂枝加龙骨牡蛎汤,大枣,Herb,composition,12枚（3~5枚）
桂枝加龙骨牡蛎汤,龙骨,Herb,composition,9克
桂枝加龙骨牡蛎汤,牡蛎,Herb,composition,9克
桂枝加龙骨牡蛎汤,金匮要略,Source,source,
桂枝加龙骨牡蛎汤,补益、安神剂,Category,category,
骨痹汤,杭白芍,Herb,composition,30-60克
骨痹汤,生甘草,Herb,composition,10克
骨痹汤,木瓜,Herb,composition,10克
骨痹汤,威灵仙,Herb,composition,15克
骨痹汤,关幼波.中医学家,Source,source,
骨痹汤,祛风祛湿剂,Category,category,
白术附子汤（桂枝附子去桂加白术汤）,附子,Herb,composition,9克
白术附子汤（桂枝附子去桂加白术汤）,白术,Herb,composition,12克
白术附子汤（桂枝附子去桂加白术汤）,生姜,Herb,composition,9克
白术附子汤（桂枝附子去桂加白术汤）,炙甘草,Herb,composition,6克
白术附子汤（桂枝附子去桂加白术汤）,大枣,Herb,composition,12枚
白术附子汤（桂枝附子去桂加白术汤）,金匮要略,Source,source,
白术附子汤（桂枝附子去桂加白术汤）,祛风祛湿温里剂,Category,category,
桂枝附子汤,桂枝,Herb,composition,四两（12g）
桂枝附子汤,附子,Herb,composition,三枚（15g）
桂枝附子汤,生姜,Herb,composition,三两（9g）
桂枝附子汤,大枣,Herb,composition,十二枚
桂枝附子汤,甘草,Herb,composition,二两（6g）
桂枝附子汤,伤寒论,Source,source,
桂枝附子汤,祛风祛湿温里剂,Category,category,
甘草附子汤,甘草,Herb,composition,6克
甘草附子汤,附子,Herb,composition,12克
甘草附子汤,白术,Herb,composition,6克
甘草附子汤,桂枝,Herb,composition,12克
甘草附子汤,伤寒论,Source,source,
甘草附子汤,祛风祛湿温里剂,Category,category,
