prescription,target,usage_method
葛根汤,太阳病,以水1000ml，先煮麻黄、葛根减二升（200ml），再去白沫，纳其它诸药，煮取三升300ml，去滓，温服一升100ml。覆衣被取微似汗，余如桂枝法将息。
葛根汤,项背几几,以水1000ml，先煮麻黄、葛根减二升（200ml），再去白沫，纳其它诸药，煮取三升300ml，去滓，温服一升100ml。覆衣被取微似汗，余如桂枝法将息。
葛根汤,无汗恶风,以水1000ml，先煮麻黄、葛根减二升（200ml），再去白沫，纳其它诸药，煮取三升300ml，去滓，温服一升100ml。覆衣被取微似汗，余如桂枝法将息。
葛根汤,太阳阳明合病下利,以水1000ml，先煮麻黄、葛根减二升（200ml），再去白沫，纳其它诸药，煮取三升300ml，去滓，温服一升100ml。覆衣被取微似汗，余如桂枝法将息。
葛根汤,外感风寒表实,以水1000ml，先煮麻黄、葛根减二升（200ml），再去白沫，纳其它诸药，煮取三升300ml，去滓，温服一升100ml。覆衣被取微似汗，余如桂枝法将息。
葛根汤,项背强,以水1000ml，先煮麻黄、葛根减二升（200ml），再去白沫，纳其它诸药，煮取三升300ml，去滓，温服一升100ml。覆衣被取微似汗，余如桂枝法将息。
葛根汤,血衄,以水1000ml，先煮麻黄、葛根减二升（200ml），再去白沫，纳其它诸药，煮取三升300ml，去滓，温服一升100ml。覆衣被取微似汗，余如桂枝法将息。
葛根汤,痉病,以水1000ml，先煮麻黄、葛根减二升（200ml），再去白沫，纳其它诸药，煮取三升300ml，去滓，温服一升100ml。覆衣被取微似汗，余如桂枝法将息。
葛根汤,气上冲胸,以水1000ml，先煮麻黄、葛根减二升（200ml），再去白沫，纳其它诸药，煮取三升300ml，去滓，温服一升100ml。覆衣被取微似汗，余如桂枝法将息。
葛根汤,口噤不语,以水1000ml，先煮麻黄、葛根减二升（200ml），再去白沫，纳其它诸药，煮取三升300ml，去滓，温服一升100ml。覆衣被取微似汗，余如桂枝法将息。
葛根汤,小便少,以水1000ml，先煮麻黄、葛根减二升（200ml），再去白沫，纳其它诸药，煮取三升300ml，去滓，温服一升100ml。覆衣被取微似汗，余如桂枝法将息。
葛根汤,卒倒僵仆,以水1000ml，先煮麻黄、葛根减二升（200ml），再去白沫，纳其它诸药，煮取三升300ml，去滓，温服一升100ml。覆衣被取微似汗，余如桂枝法将息。
葛根汤,颈椎病,以水1000ml，先煮麻黄、葛根减二升（200ml），再去白沫，纳其它诸药，煮取三升300ml，去滓，温服一升100ml。覆衣被取微似汗，余如桂枝法将息。
葛根汤,多囊卵巢综合症,以水1000ml，先煮麻黄、葛根减二升（200ml），再去白沫，纳其它诸药，煮取三升300ml，去滓，温服一升100ml。覆衣被取微似汗，余如桂枝法将息。
葛根汤,痤疮,以水1000ml，先煮麻黄、葛根减二升（200ml），再去白沫，纳其它诸药，煮取三升300ml，去滓，温服一升100ml。覆衣被取微似汗，余如桂枝法将息。
三物黄芩汤,产后血亏阴虚,上三味以水800毫升煮取300毫升，分早晚两次温服
三物黄芩汤,风邪入里化热,上三味以水800毫升煮取300毫升，分早晚两次温服
三物黄芩汤,四肢烦热,上三味以水800毫升煮取300毫升，分早晚两次温服
三物黄芩汤,自身免疫性肝炎,上三味以水800毫升煮取300毫升，分早晚两次温服
三物黄芩汤,直肠癌,上三味以水800毫升煮取300毫升，分早晚两次温服
三物黄芩汤,产褥热,上三味以水800毫升煮取300毫升，分早晚两次温服
三物黄芩汤,肺结核,上三味以水800毫升煮取300毫升，分早晚两次温服
三物黄芩汤,灼热足综合征,上三味以水800毫升煮取300毫升，分早晚两次温服
三物黄芩汤,神经官能症,上三味以水800毫升煮取300毫升，分早晚两次温服
三物黄芩汤,自主神经功能失调,上三味以水800毫升煮取300毫升，分早晚两次温服
三物黄芩汤,失眠,上三味以水800毫升煮取300毫升，分早晚两次温服
三物黄芩汤,红斑性肢痛症,上三味以水800毫升煮取300毫升，分早晚两次温服
三物黄芩汤,冻疮,上三味以水800毫升煮取300毫升，分早晚两次温服
三物黄芩汤,荨麻疹,上三味以水800毫升煮取300毫升，分早晚两次温服
三物黄芩汤,顽癣,上三味以水800毫升煮取300毫升，分早晚两次温服
三物黄芩汤,阴痒,上三味以水800毫升煮取300毫升，分早晚两次温服
三物黄芩汤,阴肿,上三味以水800毫升煮取300毫升，分早晚两次温服
参附龙牡汤,阴阳俱竭、阳越于上证,每日1剂，水煎分3次服
参附龙牡汤,汗出肢冷,每日1剂，水煎分3次服
参附龙牡汤,面色浮红,每日1剂，水煎分3次服
参附龙牡汤,脉虚数或浮大无根,每日1剂，水煎分3次服
麻黄杏仁甘草石膏汤,外感风邪,水煎，温服。
麻黄杏仁甘草石膏汤,邪热壅肺证,水煎，温服。
麻黄杏仁甘草石膏汤,身热不解,水煎，温服。
麻黄杏仁甘草石膏汤,咳逆气急,水煎，温服。
麻黄杏仁甘草石膏汤,鼻煽,水煎，温服。
麻黄杏仁甘草石膏汤,口渴,水煎，温服。
麻黄杏仁甘草石膏汤,有汗或无汗,水煎，温服。
麻黄杏仁甘草石膏汤,舌苔薄白或黄,水煎，温服。
麻黄杏仁甘草石膏汤,脉浮而数,水煎，温服。
麻黄杏仁甘草石膏汤,感冒,水煎，温服。
麻黄杏仁甘草石膏汤,上呼吸道感染,水煎，温服。
麻黄杏仁甘草石膏汤,急性支气管炎,水煎，温服。
麻黄杏仁甘草石膏汤,支气管肺炎,水煎，温服。
麻黄杏仁甘草石膏汤,大叶性肺炎,水煎，温服。
麻黄杏仁甘草石膏汤,支气管哮喘,水煎，温服。
麻黄杏仁甘草石膏汤,麻疹合并肺炎,水煎，温服。
当归四逆加吴茱萸生姜汤,冻伤,以水400毫升，清酒400毫升，煮取300毫升，去滓，分二次温服。
当归四逆加吴茱萸生姜汤,慢性头痛,以水400毫升，清酒400毫升，煮取300毫升，去滓，分二次温服。
当归四逆加吴茱萸生姜汤,坐骨神经痛,以水400毫升，清酒400毫升，煮取300毫升，去滓，分二次温服。
当归四逆加吴茱萸生姜汤,妇女腹痛,以水400毫升，清酒400毫升，煮取300毫升，去滓，分二次温服。
当归四逆加吴茱萸生姜汤,贫血,以水400毫升，清酒400毫升，煮取300毫升，去滓，分二次温服。
当归四逆加吴茱萸生姜汤,寒症,以水400毫升，清酒400毫升，煮取300毫升，去滓，分二次温服。
当归四逆加吴茱萸生姜汤,头痛,以水400毫升，清酒400毫升，煮取300毫升，去滓，分二次温服。
当归四逆加吴茱萸生姜汤,胃部有压重感,以水400毫升，清酒400毫升，煮取300毫升，去滓，分二次温服。
当归四逆加吴茱萸生姜汤,腰痛,以水400毫升，清酒400毫升，煮取300毫升，去滓，分二次温服。
当归四逆加吴茱萸生姜汤,腹痛,以水400毫升，清酒400毫升，煮取300毫升，去滓，分二次温服。
参附汤,元气大亏,先将生姜、大枣用水煎汤，去渣留汁，以汤代水煎煮人参、附子，取汁徐徐饮服。目前临床多只用人参、附子二药，水煎服。病情严重者，可日服2剂。注射液肌内注射，或静脉滴注，每次2～10毫升，或遵医嘱。
参附汤,阳气暴脱,先将生姜、大枣用水煎汤，去渣留汁，以汤代水煎煮人参、附子，取汁徐徐饮服。目前临床多只用人参、附子二药，水煎服。病情严重者，可日服2剂。注射液肌内注射，或静脉滴注，每次2～10毫升，或遵医嘱。
参附汤,汗出粘冷,先将生姜、大枣用水煎汤，去渣留汁，以汤代水煎煮人参、附子，取汁徐徐饮服。目前临床多只用人参、附子二药，水煎服。病情严重者，可日服2剂。注射液肌内注射，或静脉滴注，每次2～10毫升，或遵医嘱。
参附汤,四肢不温,先将生姜、大枣用水煎汤，去渣留汁，以汤代水煎煮人参、附子，取汁徐徐饮服。目前临床多只用人参、附子二药，水煎服。病情严重者，可日服2剂。注射液肌内注射，或静脉滴注，每次2～10毫升，或遵医嘱。
参附汤,呼吸微弱,先将生姜、大枣用水煎汤，去渣留汁，以汤代水煎煮人参、附子，取汁徐徐饮服。目前临床多只用人参、附子二药，水煎服。病情严重者，可日服2剂。注射液肌内注射，或静脉滴注，每次2～10毫升，或遵医嘱。
参附汤,上气喘急,先将生姜、大枣用水煎汤，去渣留汁，以汤代水煎煮人参、附子，取汁徐徐饮服。目前临床多只用人参、附子二药，水煎服。病情严重者，可日服2剂。注射液肌内注射，或静脉滴注，每次2～10毫升，或遵医嘱。
参附汤,大便自利,先将生姜、大枣用水煎汤，去渣留汁，以汤代水煎煮人参、附子，取汁徐徐饮服。目前临床多只用人参、附子二药，水煎服。病情严重者，可日服2剂。注射液肌内注射，或静脉滴注，每次2～10毫升，或遵医嘱。
参附汤,脐腹疼痛,先将生姜、大枣用水煎汤，去渣留汁，以汤代水煎煮人参、附子，取汁徐徐饮服。目前临床多只用人参、附子二药，水煎服。病情严重者，可日服2剂。注射液肌内注射，或静脉滴注，每次2～10毫升，或遵医嘱。
参附汤,面色苍白,先将生姜、大枣用水煎汤，去渣留汁，以汤代水煎煮人参、附子，取汁徐徐饮服。目前临床多只用人参、附子二药，水煎服。病情严重者，可日服2剂。注射液肌内注射，或静脉滴注，每次2～10毫升，或遵医嘱。
参附汤,脉微欲绝,先将生姜、大枣用水煎汤，去渣留汁，以汤代水煎煮人参、附子，取汁徐徐饮服。目前临床多只用人参、附子二药，水煎服。病情严重者，可日服2剂。注射液肌内注射，或静脉滴注，每次2～10毫升，或遵医嘱。
参附汤,心力衰竭,先将生姜、大枣用水煎汤，去渣留汁，以汤代水煎煮人参、附子，取汁徐徐饮服。目前临床多只用人参、附子二药，水煎服。病情严重者，可日服2剂。注射液肌内注射，或静脉滴注，每次2～10毫升，或遵医嘱。
养阴清肺汤,白喉之阴虚燥热证,水煎服。一般日服1剂，重症可日服2剂。
养阴清肺汤,喉间起白如腐,水煎服。一般日服1剂，重症可日服2剂。
养阴清肺汤,不易拭去,水煎服。一般日服1剂，重症可日服2剂。
养阴清肺汤,并逐渐扩展,水煎服。一般日服1剂，重症可日服2剂。
养阴清肺汤,病变甚速,水煎服。一般日服1剂，重症可日服2剂。
养阴清肺汤,咽喉肿痛,水煎服。一般日服1剂，重症可日服2剂。
养阴清肺汤,初起或发热或不发热,水煎服。一般日服1剂，重症可日服2剂。
养阴清肺汤,鼻干唇燥,水煎服。一般日服1剂，重症可日服2剂。
养阴清肺汤,或咳或不咳,水煎服。一般日服1剂，重症可日服2剂。
养阴清肺汤,呼吸有声,水煎服。一般日服1剂，重症可日服2剂。
养阴清肺汤,似喘非喘,水煎服。一般日服1剂，重症可日服2剂。
养阴清肺汤,脉数无力或细数,水煎服。一般日服1剂，重症可日服2剂。
养阴清肺汤,急性扁桃体炎,水煎服。一般日服1剂，重症可日服2剂。
养阴清肺汤,急性咽喉炎,水煎服。一般日服1剂，重症可日服2剂。
养阴清肺汤,鼻咽癌,水煎服。一般日服1剂，重症可日服2剂。
四逆加人参汤,少阴病,用量上四味，以水600毫升，煮取240毫升，去滓，分温再服。上四味，以水三升，煮取一升合，去滓，分温再服。
四逆加人参汤,四肢厥逆,用量上四味，以水600毫升，煮取240毫升，去滓，分温再服。上四味，以水三升，煮取一升合，去滓，分温再服。
四逆加人参汤,恶寒蜷卧,用量上四味，以水600毫升，煮取240毫升，去滓，分温再服。上四味，以水三升，煮取一升合，去滓，分温再服。
四逆加人参汤,脉微而复自下利,用量上四味，以水600毫升，煮取240毫升，去滓，分温再服。上四味，以水三升，煮取一升合，去滓，分温再服。
四逆加人参汤,利虽止而余症仍在者,用量上四味，以水600毫升，煮取240毫升，去滓，分温再服。上四味，以水三升，煮取一升合，去滓，分温再服。
四逆加人参汤,阳气衰微,用量上四味，以水600毫升，煮取240毫升，去滓，分温再服。上四味，以水三升，煮取一升合，去滓，分温再服。
四逆加人参汤,阴液内竭,用量上四味，以水600毫升，煮取240毫升，去滓，分温再服。上四味，以水三升，煮取一升合，去滓，分温再服。
四逆加人参汤,恶寒脉微,用量上四味，以水600毫升，煮取240毫升，去滓，分温再服。上四味，以水三升，煮取一升合，去滓，分温再服。
四逆加人参汤,下利而利忽自止者,用量上四味，以水600毫升，煮取240毫升，去滓，分温再服。上四味，以水三升，煮取一升合，去滓，分温再服。
柴胡疏肝散,肝气郁滞证,水煎服，水一盅半，煎八分，食前服。
柴胡疏肝散,胁肋疼痛,水煎服，水一盅半，煎八分，食前服。
柴胡疏肝散,胸闷善太息,水煎服，水一盅半，煎八分，食前服。
柴胡疏肝散,情志抑郁,水煎服，水一盅半，煎八分，食前服。
柴胡疏肝散,易怒,水煎服，水一盅半，煎八分，食前服。
柴胡疏肝散,脘腹胀满,水煎服，水一盅半，煎八分，食前服。
柴胡疏肝散,脉弦,水煎服，水一盅半，煎八分，食前服。
柴胡疏肝散,慢性肝炎,水煎服，水一盅半，煎八分，食前服。
柴胡疏肝散,慢性胃炎,水煎服，水一盅半，煎八分，食前服。
柴胡疏肝散,胆囊炎,水煎服，水一盅半，煎八分，食前服。
柴胡疏肝散,肋间神经痛,水煎服，水一盅半，煎八分，食前服。
牛蒡解肌汤,头面颈项疮疡初起,水煎服
牛蒡解肌汤,局部红肿,水煎服
牛蒡解肌汤,恶寒发热,水煎服
牛蒡解肌汤,头痛,水煎服
牛蒡解肌汤,口干,水煎服
牛蒡解肌汤,便秘,水煎服
牛蒡解肌汤,尿赤,水煎服
牛蒡解肌汤,流行性腮腺炎,水煎服
牛蒡解肌汤,急性咽炎,水煎服
牛蒡解肌汤,急性淋巴结炎,水煎服
清经散,月经先期,水煎服
清经散,月经过多,水煎服
清经散,黄体功能不全,水煎服
清经散,经期紊乱,水煎服
清经散,倒经,水煎服
清经散,经间期出血,水煎服
清经散,经行下利,水煎服
清经散,经前浮肿,水煎服
清经散,继发性闭经,水煎服
玉液汤,消渴病,水煎服。
玉液汤,糖尿病,水煎服。
玉液汤,糖尿病周围神经病变,水煎服。
玉液汤,糖尿病肾病,水煎服。
玉液汤,糖尿病骨代谢紊乱,水煎服。
玉液汤,甲状腺功能亢进,水煎服。
玉液汤,干燥综合征,水煎服。
玉液汤,慢性咽炎,水煎服。
赤小豆当归散,伤寒狐惑,上二味，杵为散。浆水调服2克，每日三服。
赤小豆当归散,肠中痈脓,上二味，杵为散。浆水调服2克，每日三服。
赤小豆当归散,大便下血,上二味，杵为散。浆水调服2克，每日三服。
赤小豆当归散,疮疡,上二味，杵为散。浆水调服2克，每日三服。
赤小豆当归散,口腔溃疡,上二味，杵为散。浆水调服2克，每日三服。
赤小豆当归散,痈肿,上二味，杵为散。浆水调服2克，每日三服。
赤小豆当归散,痔疮,上二味，杵为散。浆水调服2克，每日三服。
赤小豆当归散,直肠肛门周围脓肿,上二味，杵为散。浆水调服2克，每日三服。
赤小豆当归散,白塞氏综合征之会阴损伤,上二味，杵为散。浆水调服2克，每日三服。
赤小豆当归散,尿路感染,上二味，杵为散。浆水调服2克，每日三服。
柴胡桂枝汤,外感风寒,上九味，以水七升，煮取三升，去滓，温服一升。
柴胡桂枝汤,发热自汗,上九味，以水七升，煮取三升，去滓，温服一升。
柴胡桂枝汤,微恶寒,上九味，以水七升，煮取三升，去滓，温服一升。
柴胡桂枝汤,寒热往来,上九味，以水七升，煮取三升，去滓，温服一升。
柴胡桂枝汤,鼻鸣干呕,上九味，以水七升，煮取三升，去滓，温服一升。
柴胡桂枝汤,头痛项强,上九味，以水七升，煮取三升，去滓，温服一升。
柴胡桂枝汤,胸胁痛满,上九味，以水七升，煮取三升，去滓，温服一升。
柴胡桂枝汤,太少同感,上九味，以水七升，煮取三升，去滓，温服一升。
柴胡桂枝汤,发热,上九味，以水七升，煮取三升，去滓，温服一升。
柴胡桂枝汤,咳嗽,上九味，以水七升，煮取三升，去滓，温服一升。
柴胡桂枝汤,喘证,上九味，以水七升，煮取三升，去滓，温服一升。
柴胡桂枝汤,胁痛,上九味，以水七升，煮取三升，去滓，温服一升。
柴胡桂枝汤,胃脘痛,上九味，以水七升，煮取三升，去滓，温服一升。
柴胡桂枝汤,呕吐,上九味，以水七升，煮取三升，去滓，温服一升。
柴胡桂枝汤,痹症,上九味，以水七升，煮取三升，去滓，温服一升。
柴胡桂枝汤,水肿,上九味，以水七升，煮取三升，去滓，温服一升。
柴胡桂枝汤,癫痫,上九味，以水七升，煮取三升，去滓，温服一升。
柴胡桂枝汤,夜尿症,上九味，以水七升，煮取三升，去滓，温服一升。
柴胡桂枝汤,胆石症,上九味，以水七升，煮取三升，去滓，温服一升。
柴胡桂枝汤,胆囊炎,上九味，以水七升，煮取三升，去滓，温服一升。
柴胡桂枝汤,肝炎,上九味，以水七升，煮取三升，去滓，温服一升。
柴胡桂枝汤,胰腺炎,上九味，以水七升，煮取三升，去滓，温服一升。
柴胡桂枝汤,眩晕症,上九味，以水七升，煮取三升，去滓，温服一升。
柴胡桂枝汤,胸膜炎,上九味，以水七升，煮取三升，去滓，温服一升。
柴胡桂枝汤,肋间神经痛,上九味，以水七升，煮取三升，去滓，温服一升。
柴胡桂枝汤,胃及十二指肠溃疡,上九味，以水七升，煮取三升，去滓，温服一升。
柴胡桂枝汤,急性肾盂肾炎,上九味，以水七升，煮取三升，去滓，温服一升。
柴胡桂枝汤,流行性出血热轻型,上九味，以水七升，煮取三升，去滓，温服一升。
柴胡桂枝汤,慢性鼻窦炎,上九味，以水七升，煮取三升，去滓，温服一升。
柴胡桂枝汤,荨麻疹,上九味，以水七升，煮取三升，去滓，温服一升。
柴胡桂枝汤,产后发热,上九味，以水七升，煮取三升，去滓，温服一升。
柴胡桂枝汤,原因不明的发热,上九味，以水七升，煮取三升，去滓，温服一升。
柴胡桂枝汤,儿童精神性起立调节障碍,上九味，以水七升，煮取三升，去滓，温服一升。
柴胡桂枝汤,小儿厌食证,上九味，以水七升，煮取三升，去滓，温服一升。
身痛逐瘀汤,痹症有淤血,水煎服。
身痛逐瘀汤,气血痹阻肩痛,水煎服。
身痛逐瘀汤,臂痛,水煎服。
身痛逐瘀汤,腰痛,水煎服。
身痛逐瘀汤,周身疼痛,水煎服。
身痛逐瘀汤,坐骨神经痛,水煎服。
身痛逐瘀汤,筋膜炎,水煎服。
身痛逐瘀汤,骨关节炎,水煎服。
身痛逐瘀汤,腰椎间盘突出症,水煎服。
身痛逐瘀汤,脑外伤后综合征,水煎服。
身痛逐瘀汤,面神经麻痹,水煎服。
身痛逐瘀汤,三叉神经痛,水煎服。
身痛逐瘀汤,雷诺症,水煎服。
身痛逐瘀汤,末梢神经炎,水煎服。
保元汤,虚损劳怯,生姜一片，水煎温服。《景岳全书》加糯米一撮，无姜。
保元汤,元气不足,生姜一片，水煎温服。《景岳全书》加糯米一撮，无姜。
保元汤,痘疮阳虚顶陷,生姜一片，水煎温服。《景岳全书》加糯米一撮，无姜。
保元汤,血虚浆清,生姜一片，水煎温服。《景岳全书》加糯米一撮，无姜。
保元汤,不能发起灌浆,生姜一片，水煎温服。《景岳全书》加糯米一撮，无姜。
保元汤,冠心病心力衰竭,生姜一片，水煎温服。《景岳全书》加糯米一撮，无姜。
保元汤,白细胞减少症,生姜一片，水煎温服。《景岳全书》加糯米一撮，无姜。
保元汤,胃脘痛,生姜一片，水煎温服。《景岳全书》加糯米一撮，无姜。
保元汤,心肌梗死,生姜一片，水煎温服。《景岳全书》加糯米一撮，无姜。
保元汤,贫血,生姜一片，水煎温服。《景岳全书》加糯米一撮，无姜。
保元汤,慢性肾功能不全,生姜一片，水煎温服。《景岳全书》加糯米一撮，无姜。
保元汤,重症肌无力,生姜一片，水煎温服。《景岳全书》加糯米一撮，无姜。
保元汤,小儿惊恐症,生姜一片，水煎温服。《景岳全书》加糯米一撮，无姜。
保元汤,慢性肝炎,生姜一片，水煎温服。《景岳全书》加糯米一撮，无姜。
益气聪明汤,脾胃气虚,上药哎咀。每服9克，用水300毫升，煎至150毫升，去滓热服。临卧近五更再煎服之。
益气聪明汤,内障,上药哎咀。每服9克，用水300毫升，煎至150毫升，去滓热服。临卧近五更再煎服之。
益气聪明汤,目糊,上药哎咀。每服9克，用水300毫升，煎至150毫升，去滓热服。临卧近五更再煎服之。
益气聪明汤,视物昏花,上药哎咀。每服9克，用水300毫升，煎至150毫升，去滓热服。临卧近五更再煎服之。
益气聪明汤,神水变淡绿色,上药哎咀。每服9克，用水300毫升，煎至150毫升，去滓热服。临卧近五更再煎服之。
益气聪明汤,歧视（复视）,上药哎咀。每服9克，用水300毫升，煎至150毫升，去滓热服。临卧近五更再煎服之。
益气聪明汤,失明,上药哎咀。每服9克，用水300毫升，煎至150毫升，去滓热服。临卧近五更再煎服之。
益气聪明汤,神水变成纯白色,上药哎咀。每服9克，用水300毫升，煎至150毫升，去滓热服。临卧近五更再煎服之。
益气聪明汤,耳聋,上药哎咀。每服9克，用水300毫升，煎至150毫升，去滓热服。临卧近五更再煎服之。
益气聪明汤,耳鸣,上药哎咀。每服9克，用水300毫升，煎至150毫升，去滓热服。临卧近五更再煎服之。
益气聪明汤,老年性白内障,上药哎咀。每服9克，用水300毫升，煎至150毫升，去滓热服。临卧近五更再煎服之。
益气聪明汤,色弱,上药哎咀。每服9克，用水300毫升，煎至150毫升，去滓热服。临卧近五更再煎服之。
益气聪明汤,色盲,上药哎咀。每服9克，用水300毫升，煎至150毫升，去滓热服。临卧近五更再煎服之。
益气聪明汤,听力减退,上药哎咀。每服9克，用水300毫升，煎至150毫升，去滓热服。临卧近五更再煎服之。
益气聪明汤,眩晕,上药哎咀。每服9克，用水300毫升，煎至150毫升，去滓热服。临卧近五更再煎服之。
益气聪明汤,颈椎病,上药哎咀。每服9克，用水300毫升，煎至150毫升，去滓热服。临卧近五更再煎服之。
益气聪明汤,脑动脉硬化,上药哎咀。每服9克，用水300毫升，煎至150毫升，去滓热服。临卧近五更再煎服之。
益气聪明汤,高血压病,上药哎咀。每服9克，用水300毫升，煎至150毫升，去滓热服。临卧近五更再煎服之。
益气聪明汤,痴呆,上药哎咀。每服9克，用水300毫升，煎至150毫升，去滓热服。临卧近五更再煎服之。
益气聪明汤,脑动脉硬化症,上药哎咀。每服9克，用水300毫升，煎至150毫升，去滓热服。临卧近五更再煎服之。
益气聪明汤,低血压病,上药哎咀。每服9克，用水300毫升，煎至150毫升，去滓热服。临卧近五更再煎服之。
益气聪明汤,链霉素副反应,上药哎咀。每服9克，用水300毫升，煎至150毫升，去滓热服。临卧近五更再煎服之。
益气聪明汤,中耳炎引起的眩晕,上药哎咀。每服9克，用水300毫升，煎至150毫升，去滓热服。临卧近五更再煎服之。
益气聪明汤,病毒性角膜炎,上药哎咀。每服9克，用水300毫升，煎至150毫升，去滓热服。临卧近五更再煎服之。
益气聪明汤,梅尼埃病,上药哎咀。每服9克，用水300毫升，煎至150毫升，去滓热服。临卧近五更再煎服之。
益气聪明汤,视神经萎缩,上药哎咀。每服9克，用水300毫升，煎至150毫升，去滓热服。临卧近五更再煎服之。
益气聪明汤,中心性浆液性脉络膜视网膜炎,上药哎咀。每服9克，用水300毫升，煎至150毫升，去滓热服。临卧近五更再煎服之。
益气聪明汤,偏头痛,上药哎咀。每服9克，用水300毫升，煎至150毫升，去滓热服。临卧近五更再煎服之。
黛蛤散,咳嗽,①古代用法：用淡齑水，滴麻油数点调服。②现代用法：以上二味，粉碎成细粉，过筛，混匀，即得。一日1次，一次6g，布包水煎服，或温水调服，或随处方入煎剂。
黛蛤散,咳痰带血,①古代用法：用淡齑水，滴麻油数点调服。②现代用法：以上二味，粉碎成细粉，过筛，混匀，即得。一日1次，一次6g，布包水煎服，或温水调服，或随处方入煎剂。
黛蛤散,心烦易怒,①古代用法：用淡齑水，滴麻油数点调服。②现代用法：以上二味，粉碎成细粉，过筛，混匀，即得。一日1次，一次6g，布包水煎服，或温水调服，或随处方入煎剂。
黛蛤散,眩晕耳鸣,①古代用法：用淡齑水，滴麻油数点调服。②现代用法：以上二味，粉碎成细粉，过筛，混匀，即得。一日1次，一次6g，布包水煎服，或温水调服，或随处方入煎剂。
黛蛤散,支气管扩张,①古代用法：用淡齑水，滴麻油数点调服。②现代用法：以上二味，粉碎成细粉，过筛，混匀，即得。一日1次，一次6g，布包水煎服，或温水调服，或随处方入煎剂。
黛蛤散,气管炎,①古代用法：用淡齑水，滴麻油数点调服。②现代用法：以上二味，粉碎成细粉，过筛，混匀，即得。一日1次，一次6g，布包水煎服，或温水调服，或随处方入煎剂。
黛蛤散,百日咳,①古代用法：用淡齑水，滴麻油数点调服。②现代用法：以上二味，粉碎成细粉，过筛，混匀，即得。一日1次，一次6g，布包水煎服，或温水调服，或随处方入煎剂。
黛蛤散,肺结核,①古代用法：用淡齑水，滴麻油数点调服。②现代用法：以上二味，粉碎成细粉，过筛，混匀，即得。一日1次，一次6g，布包水煎服，或温水调服，或随处方入煎剂。
猪苓汤,水热互结,水煎服
猪苓汤,邪热伤阴,水煎服
猪苓汤,小便不利,水煎服
猪苓汤,发热,水煎服
猪苓汤,口渴欲饮,水煎服
猪苓汤,心烦不寐,水煎服
猪苓汤,咳嗽,水煎服
猪苓汤,呕恶,水煎服
猪苓汤,下利,水煎服
猪苓汤,复发性尿路感染,水煎服
猪苓汤,肾病综合征,水煎服
猪苓汤,乙肝肝硬化腹水,水煎服
猪苓汤,颅脑损伤,水煎服
三才封髓丹,阴虚火旺,将上述药物粉碎后，用米糊制成丸剂，每日服用3次，每次服用10克。亦可作水煎剂。
三才封髓丹,相火妄动,将上述药物粉碎后，用米糊制成丸剂，每日服用3次，每次服用10克。亦可作水煎剂。
三才封髓丹,扰动精室之梦遗滑精,将上述药物粉碎后，用米糊制成丸剂，每日服用3次，每次服用10克。亦可作水煎剂。
三才封髓丹,失眠多梦,将上述药物粉碎后，用米糊制成丸剂，每日服用3次，每次服用10克。亦可作水煎剂。
三才封髓丹,腰膝酸软,将上述药物粉碎后，用米糊制成丸剂，每日服用3次，每次服用10克。亦可作水煎剂。
三才封髓丹,五心烦热,将上述药物粉碎后，用米糊制成丸剂，每日服用3次，每次服用10克。亦可作水煎剂。
三才封髓丹,口舌干燥,将上述药物粉碎后，用米糊制成丸剂，每日服用3次，每次服用10克。亦可作水煎剂。
三才封髓丹,早泄,将上述药物粉碎后，用米糊制成丸剂，每日服用3次，每次服用10克。亦可作水煎剂。
三才封髓丹,虚火牙痛,将上述药物粉碎后，用米糊制成丸剂，每日服用3次，每次服用10克。亦可作水煎剂。
三才封髓丹,脊髓空洞症,将上述药物粉碎后，用米糊制成丸剂，每日服用3次，每次服用10克。亦可作水煎剂。
三才封髓丹,痤疮,将上述药物粉碎后，用米糊制成丸剂，每日服用3次，每次服用10克。亦可作水煎剂。
三才封髓丹,慢性乙型肝炎,将上述药物粉碎后，用米糊制成丸剂，每日服用3次，每次服用10克。亦可作水煎剂。
增液承气汤,阳明温病,水八杯，煮取二杯，先服一杯，不知，再服。
增液承气汤,热结阴亏,水八杯，煮取二杯，先服一杯，不知，再服。
增液承气汤,燥屎不行,水八杯，煮取二杯，先服一杯，不知，再服。
增液承气汤,下之不通,水八杯，煮取二杯，先服一杯，不知，再服。
增液承气汤,津液不足,水八杯，煮取二杯，先服一杯，不知，再服。
增液承气汤,无水舟停,水八杯，煮取二杯，先服一杯，不知，再服。
增液承气汤,功能性便秘,水八杯，煮取二杯，先服一杯，不知，再服。
增液承气汤,糖尿病性便秘,水八杯，煮取二杯，先服一杯，不知，再服。
增液承气汤,急性有机磷农药中毒,水八杯，煮取二杯，先服一杯，不知，再服。
增液承气汤,产后尿潴留,水八杯，煮取二杯，先服一杯，不知，再服。
半夏秫米汤,失眠,上二味，以流水600毫升，煮取360毫升，每次服180毫升，每日2次分服。
半夏秫米汤,眩晕,上二味，以流水600毫升，煮取360毫升，每次服180毫升，每日2次分服。
半夏秫米汤,情志病,上二味，以流水600毫升，煮取360毫升，每次服180毫升，每日2次分服。
半夏秫米汤,慢性胃炎,上二味，以流水600毫升，煮取360毫升，每次服180毫升，每日2次分服。
半夏秫米汤,带状疱疹后遗痛,上二味，以流水600毫升，煮取360毫升，每次服180毫升，每日2次分服。
三圣散,中风舌强不语,上为细末，每服三钱匕；用鹅梨汁半盏，皂角末一钱匕，浓煎汤一合，于梨汁相和调下，须臾吐出涎毒，便能语。各为粗末。每服约15克，以韭汁300毫升，先用200毫升，煎三五沸，去韭汁，次人l00毫升，煎至三沸，却将原煎韭汁，同一处熬二沸，去滓澄清，放温，徐徐服之。不必尽剂，以吐为度。
三圣散,中风闭证,上为细末，每服三钱匕；用鹅梨汁半盏，皂角末一钱匕，浓煎汤一合，于梨汁相和调下，须臾吐出涎毒，便能语。各为粗末。每服约15克，以韭汁300毫升，先用200毫升，煎三五沸，去韭汁，次人l00毫升，煎至三沸，却将原煎韭汁，同一处熬二沸，去滓澄清，放温，徐徐服之。不必尽剂，以吐为度。
三圣散,失者闷乱,上为细末，每服三钱匕；用鹅梨汁半盏，皂角末一钱匕，浓煎汤一合，于梨汁相和调下，须臾吐出涎毒，便能语。各为粗末。每服约15克，以韭汁300毫升，先用200毫升，煎三五沸，去韭汁，次人l00毫升，煎至三沸，却将原煎韭汁，同一处熬二沸，去滓澄清，放温，徐徐服之。不必尽剂，以吐为度。
三圣散,口眼喎斜,上为细末，每服三钱匕；用鹅梨汁半盏，皂角末一钱匕，浓煎汤一合，于梨汁相和调下，须臾吐出涎毒，便能语。各为粗末。每服约15克，以韭汁300毫升，先用200毫升，煎三五沸，去韭汁，次人l00毫升，煎至三沸，却将原煎韭汁，同一处熬二沸，去滓澄清，放温，徐徐服之。不必尽剂，以吐为度。
三圣散,不省人事,上为细末，每服三钱匕；用鹅梨汁半盏，皂角末一钱匕，浓煎汤一合，于梨汁相和调下，须臾吐出涎毒，便能语。各为粗末。每服约15克，以韭汁300毫升，先用200毫升，煎三五沸，去韭汁，次人l00毫升，煎至三沸，却将原煎韭汁，同一处熬二沸，去滓澄清，放温，徐徐服之。不必尽剂，以吐为度。
三圣散,牙关紧闭,上为细末，每服三钱匕；用鹅梨汁半盏，皂角末一钱匕，浓煎汤一合，于梨汁相和调下，须臾吐出涎毒，便能语。各为粗末。每服约15克，以韭汁300毫升，先用200毫升，煎三五沸，去韭汁，次人l00毫升，煎至三沸，却将原煎韭汁，同一处熬二沸，去滓澄清，放温，徐徐服之。不必尽剂，以吐为度。
三圣散,癫痫,上为细末，每服三钱匕；用鹅梨汁半盏，皂角末一钱匕，浓煎汤一合，于梨汁相和调下，须臾吐出涎毒，便能语。各为粗末。每服约15克，以韭汁300毫升，先用200毫升，煎三五沸，去韭汁，次人l00毫升，煎至三沸，却将原煎韭汁，同一处熬二沸，去滓澄清，放温，徐徐服之。不必尽剂，以吐为度。
三圣散,浊痰壅塞胸中,上为细末，每服三钱匕；用鹅梨汁半盏，皂角末一钱匕，浓煎汤一合，于梨汁相和调下，须臾吐出涎毒，便能语。各为粗末。每服约15克，以韭汁300毫升，先用200毫升，煎三五沸，去韭汁，次人l00毫升，煎至三沸，却将原煎韭汁，同一处熬二沸，去滓澄清，放温，徐徐服之。不必尽剂，以吐为度。
三圣散,误食毒物,上为细末，每服三钱匕；用鹅梨汁半盏，皂角末一钱匕，浓煎汤一合，于梨汁相和调下，须臾吐出涎毒，便能语。各为粗末。每服约15克，以韭汁300毫升，先用200毫升，煎三五沸，去韭汁，次人l00毫升，煎至三沸，却将原煎韭汁，同一处熬二沸，去滓澄清，放温，徐徐服之。不必尽剂，以吐为度。
盐汤探吐方,宿食,用极咸盐汤三升，热饮一升，刺口令吐宿食使尽，不吐更服，吐迄复饮，三吐乃住，静止。现代用法：将盐用开水调成饱和盐汤，每服200-300ml，服后探吐，以吐尽宿食为度。
盐汤探吐方,脘腹胀疼不舒,用极咸盐汤三升，热饮一升，刺口令吐宿食使尽，不吐更服，吐迄复饮，三吐乃住，静止。现代用法：将盐用开水调成饱和盐汤，每服200-300ml，服后探吐，以吐尽宿食为度。
盐汤探吐方,干霍乱,用极咸盐汤三升，热饮一升，刺口令吐宿食使尽，不吐更服，吐迄复饮，三吐乃住，静止。现代用法：将盐用开水调成饱和盐汤，每服200-300ml，服后探吐，以吐尽宿食为度。
盐汤探吐方,欲吐不得吐,用极咸盐汤三升，热饮一升，刺口令吐宿食使尽，不吐更服，吐迄复饮，三吐乃住，静止。现代用法：将盐用开水调成饱和盐汤，每服200-300ml，服后探吐，以吐尽宿食为度。
盐汤探吐方,欲泻不得泻,用极咸盐汤三升，热饮一升，刺口令吐宿食使尽，不吐更服，吐迄复饮，三吐乃住，静止。现代用法：将盐用开水调成饱和盐汤，每服200-300ml，服后探吐，以吐尽宿食为度。
盐汤探吐方,食厥,用极咸盐汤三升，热饮一升，刺口令吐宿食使尽，不吐更服，吐迄复饮，三吐乃住，静止。现代用法：将盐用开水调成饱和盐汤，每服200-300ml，服后探吐，以吐尽宿食为度。
盐汤探吐方,气厥,用极咸盐汤三升，热饮一升，刺口令吐宿食使尽，不吐更服，吐迄复饮，三吐乃住，静止。现代用法：将盐用开水调成饱和盐汤，每服200-300ml，服后探吐，以吐尽宿食为度。
救急稀涎散,中风闭证,上药共研极细末。每服1～2克，温开水调，灌下。
救急稀涎散,痰涎壅盛,上药共研极细末。每服1～2克，温开水调，灌下。
救急稀涎散,痰声漉漉,上药共研极细末。每服1～2克，温开水调，灌下。
救急稀涎散,不省人事,上药共研极细末。每服1～2克，温开水调，灌下。
救急稀涎散,脉滑实有力,上药共研极细末。每服1～2克，温开水调，灌下。
救急稀涎散,脑外伤致癫,上药共研极细末。每服1～2克，温开水调，灌下。
封髓丹,肾阴不足，相火妄动，夜梦遗精,"上药捣罗为细末，水煮面糊和丸，如梧桐子大。每服50丸，用苁蓉15克，切作片子，酒300毫升，浸一宿，次日煎三四沸，去滓，空腹时送下。
共研为细粉，过罗，用冷水泛为小丸，每16两丸药，用朱砂5钱，滑石3两为衣，闯亮。每服3钱，日服2次，温开水送下。
上为细末，酒糊丸，如梧桐子大。每服50丸，渐加至70-80丸，空心温酒送下。"
封髓丹,肾气虚弱，相火妄动，梦遗滑精，阳关不守,"上药捣罗为细末，水煮面糊和丸，如梧桐子大。每服50丸，用苁蓉15克，切作片子，酒300毫升，浸一宿，次日煎三四沸，去滓，空腹时送下。
共研为细粉，过罗，用冷水泛为小丸，每16两丸药，用朱砂5钱，滑石3两为衣，闯亮。每服3钱，日服2次，温开水送下。
上为细末，酒糊丸，如梧桐子大。每服50丸，渐加至70-80丸，空心温酒送下。"
封髓丹,诸虚,"上药捣罗为细末，水煮面糊和丸，如梧桐子大。每服50丸，用苁蓉15克，切作片子，酒300毫升，浸一宿，次日煎三四沸，去滓，空腹时送下。
共研为细粉，过罗，用冷水泛为小丸，每16两丸药，用朱砂5钱，滑石3两为衣，闯亮。每服3钱，日服2次，温开水送下。
上为细末，酒糊丸，如梧桐子大。每服50丸，渐加至70-80丸，空心温酒送下。"
五子衍宗丸,肾虚腰痛,以上五味，粉碎成细粉，过筛，混匀。每100g粉末用炼蜜35～50g加适量的水泛丸，干燥，制成水蜜丸；或加炼蜜80～90g制成小蜜丸或大蜜丸，即得。口服，水蜜丸一次6g，小蜜丸一次9g，大蜜丸一次1丸，一日2次。上为细末，炼蜜为丸，如梧桐子大。空腹时服90丸，睡前服50丸，温开水或淡盐汤送下，冬月用温酒送下。若惯遗泄者，去车前子，加莲子。
五子衍宗丸,尿后余沥,以上五味，粉碎成细粉，过筛，混匀。每100g粉末用炼蜜35～50g加适量的水泛丸，干燥，制成水蜜丸；或加炼蜜80～90g制成小蜜丸或大蜜丸，即得。口服，水蜜丸一次6g，小蜜丸一次9g，大蜜丸一次1丸，一日2次。上为细末，炼蜜为丸，如梧桐子大。空腹时服90丸，睡前服50丸，温开水或淡盐汤送下，冬月用温酒送下。若惯遗泄者，去车前子，加莲子。
五子衍宗丸,遗精早泄,以上五味，粉碎成细粉，过筛，混匀。每100g粉末用炼蜜35～50g加适量的水泛丸，干燥，制成水蜜丸；或加炼蜜80～90g制成小蜜丸或大蜜丸，即得。口服，水蜜丸一次6g，小蜜丸一次9g，大蜜丸一次1丸，一日2次。上为细末，炼蜜为丸，如梧桐子大。空腹时服90丸，睡前服50丸，温开水或淡盐汤送下，冬月用温酒送下。若惯遗泄者，去车前子，加莲子。
五子衍宗丸,阳痿不育,以上五味，粉碎成细粉，过筛，混匀。每100g粉末用炼蜜35～50g加适量的水泛丸，干燥，制成水蜜丸；或加炼蜜80～90g制成小蜜丸或大蜜丸，即得。口服，水蜜丸一次6g，小蜜丸一次9g，大蜜丸一次1丸，一日2次。上为细末，炼蜜为丸，如梧桐子大。空腹时服90丸，睡前服50丸，温开水或淡盐汤送下，冬月用温酒送下。若惯遗泄者，去车前子，加莲子。
五子衍宗丸,男性不育之弱精,以上五味，粉碎成细粉，过筛，混匀。每100g粉末用炼蜜35～50g加适量的水泛丸，干燥，制成水蜜丸；或加炼蜜80～90g制成小蜜丸或大蜜丸，即得。口服，水蜜丸一次6g，小蜜丸一次9g，大蜜丸一次1丸，一日2次。上为细末，炼蜜为丸，如梧桐子大。空腹时服90丸，睡前服50丸，温开水或淡盐汤送下，冬月用温酒送下。若惯遗泄者，去车前子，加莲子。
五子衍宗丸,遗精,以上五味，粉碎成细粉，过筛，混匀。每100g粉末用炼蜜35～50g加适量的水泛丸，干燥，制成水蜜丸；或加炼蜜80～90g制成小蜜丸或大蜜丸，即得。口服，水蜜丸一次6g，小蜜丸一次9g，大蜜丸一次1丸，一日2次。上为细末，炼蜜为丸，如梧桐子大。空腹时服90丸，睡前服50丸，温开水或淡盐汤送下，冬月用温酒送下。若惯遗泄者，去车前子，加莲子。
五子衍宗丸,少精属肾精不足者,以上五味，粉碎成细粉，过筛，混匀。每100g粉末用炼蜜35～50g加适量的水泛丸，干燥，制成水蜜丸；或加炼蜜80～90g制成小蜜丸或大蜜丸，即得。口服，水蜜丸一次6g，小蜜丸一次9g，大蜜丸一次1丸，一日2次。上为细末，炼蜜为丸，如梧桐子大。空腹时服90丸，睡前服50丸，温开水或淡盐汤送下，冬月用温酒送下。若惯遗泄者，去车前子，加莲子。
五子衍宗丸,勃起功能障碍,以上五味，粉碎成细粉，过筛，混匀。每100g粉末用炼蜜35～50g加适量的水泛丸，干燥，制成水蜜丸；或加炼蜜80～90g制成小蜜丸或大蜜丸，即得。口服，水蜜丸一次6g，小蜜丸一次9g，大蜜丸一次1丸，一日2次。上为细末，炼蜜为丸，如梧桐子大。空腹时服90丸，睡前服50丸，温开水或淡盐汤送下，冬月用温酒送下。若惯遗泄者，去车前子，加莲子。
五子衍宗丸,妇女不孕症,以上五味，粉碎成细粉，过筛，混匀。每100g粉末用炼蜜35～50g加适量的水泛丸，干燥，制成水蜜丸；或加炼蜜80～90g制成小蜜丸或大蜜丸，即得。口服，水蜜丸一次6g，小蜜丸一次9g，大蜜丸一次1丸，一日2次。上为细末，炼蜜为丸，如梧桐子大。空腹时服90丸，睡前服50丸，温开水或淡盐汤送下，冬月用温酒送下。若惯遗泄者，去车前子，加莲子。
五子衍宗丸,滑胎,以上五味，粉碎成细粉，过筛，混匀。每100g粉末用炼蜜35～50g加适量的水泛丸，干燥，制成水蜜丸；或加炼蜜80～90g制成小蜜丸或大蜜丸，即得。口服，水蜜丸一次6g，小蜜丸一次9g，大蜜丸一次1丸，一日2次。上为细末，炼蜜为丸，如梧桐子大。空腹时服90丸，睡前服50丸，温开水或淡盐汤送下，冬月用温酒送下。若惯遗泄者，去车前子，加莲子。
五子衍宗丸,不孕,以上五味，粉碎成细粉，过筛，混匀。每100g粉末用炼蜜35～50g加适量的水泛丸，干燥，制成水蜜丸；或加炼蜜80～90g制成小蜜丸或大蜜丸，即得。口服，水蜜丸一次6g，小蜜丸一次9g，大蜜丸一次1丸，一日2次。上为细末，炼蜜为丸，如梧桐子大。空腹时服90丸，睡前服50丸，温开水或淡盐汤送下，冬月用温酒送下。若惯遗泄者，去车前子，加莲子。
五子衍宗丸,不育,以上五味，粉碎成细粉，过筛，混匀。每100g粉末用炼蜜35～50g加适量的水泛丸，干燥，制成水蜜丸；或加炼蜜80～90g制成小蜜丸或大蜜丸，即得。口服，水蜜丸一次6g，小蜜丸一次9g，大蜜丸一次1丸，一日2次。上为细末，炼蜜为丸，如梧桐子大。空腹时服90丸，睡前服50丸，温开水或淡盐汤送下，冬月用温酒送下。若惯遗泄者，去车前子，加莲子。
缩泉丸,小便频数,为末，丸如梧桐子大，每服9克，盐酒或米饮下。
缩泉丸,小儿遗尿,为末，丸如梧桐子大，每服9克，盐酒或米饮下。
缩泉丸,老人小便不禁,为末，丸如梧桐子大，每服9克，盐酒或米饮下。
缩泉丸,妇女小便不禁,为末，丸如梧桐子大，每服9克，盐酒或米饮下。
缩泉丸,病后小便不禁,为末，丸如梧桐子大，每服9克，盐酒或米饮下。
水陆二仙丹,肾虚遗精不固,将芡实研末，金樱子熬膏，拌和制成丸。每服6～9克，每日2次，盐汤送下
水陆二仙丹,滑精,将芡实研末，金樱子熬膏，拌和制成丸。每服6～9克，每日2次，盐汤送下
水陆二仙丹,白浊,将芡实研末，金樱子熬膏，拌和制成丸。每服6～9克，每日2次，盐汤送下
水陆二仙丹,小便频数,将芡实研末，金樱子熬膏，拌和制成丸。每服6～9克，每日2次，盐汤送下
水陆二仙丹,女子带下,将芡实研末，金樱子熬膏，拌和制成丸。每服6～9克，每日2次，盐汤送下
水陆二仙丹,白带过多,将芡实研末，金樱子熬膏，拌和制成丸。每服6～9克，每日2次，盐汤送下
水陆二仙丹,舌淡苔白,将芡实研末，金樱子熬膏，拌和制成丸。每服6～9克，每日2次，盐汤送下
水陆二仙丹,脉沉弱,将芡实研末，金樱子熬膏，拌和制成丸。每服6～9克，每日2次，盐汤送下
水陆二仙丹,遗精,将芡实研末，金樱子熬膏，拌和制成丸。每服6～9克，每日2次，盐汤送下
水陆二仙丹,膀胱癌,将芡实研末，金樱子熬膏，拌和制成丸。每服6～9克，每日2次，盐汤送下
水陆二仙丹,糖尿病肾病,将芡实研末，金樱子熬膏，拌和制成丸。每服6～9克，每日2次，盐汤送下
水陆二仙丹,妇女阴道炎,将芡实研末，金樱子熬膏，拌和制成丸。每服6～9克，每日2次，盐汤送下
水陆二仙丹,宫颈炎,将芡实研末，金樱子熬膏，拌和制成丸。每服6～9克，每日2次，盐汤送下
桂枝葛根汤,太阳病,"上六味，以水一斗，先煮麻黄、葛根，减二升，去上沫；内诸药；煮取三升，去滓，温服一升。覆取微似汗，不须啜（chuo,吃）粥，余如桂枝法将息及禁忌。"
桂枝葛根汤,项背强几几,"上六味，以水一斗，先煮麻黄、葛根，减二升，去上沫；内诸药；煮取三升，去滓，温服一升。覆取微似汗，不须啜（chuo,吃）粥，余如桂枝法将息及禁忌。"
桂枝葛根汤,汗出恶风,"上六味，以水一斗，先煮麻黄、葛根，减二升，去上沫；内诸药；煮取三升，去滓，温服一升。覆取微似汗，不须啜（chuo,吃）粥，余如桂枝法将息及禁忌。"
桂枝葛根汤,风寒客于太阳经输,"上六味，以水一斗，先煮麻黄、葛根，减二升，去上沫；内诸药；煮取三升，去滓，温服一升。覆取微似汗，不须啜（chuo,吃）粥，余如桂枝法将息及禁忌。"
桂枝葛根汤,营卫不和证,"上六味，以水一斗，先煮麻黄、葛根，减二升，去上沫；内诸药；煮取三升，去滓，温服一升。覆取微似汗，不须啜（chuo,吃）粥，余如桂枝法将息及禁忌。"
桂枝葛根汤,桂枝汤证兼项背强而不舒者,"上六味，以水一斗，先煮麻黄、葛根，减二升，去上沫；内诸药；煮取三升，去滓，温服一升。覆取微似汗，不须啜（chuo,吃）粥，余如桂枝法将息及禁忌。"
建瓯汤,肝阳上亢,磨取铁锈浓水，煎上药服
建瓯汤,头目眩晕,磨取铁锈浓水，煎上药服
建瓯汤,耳鸣目胀,磨取铁锈浓水，煎上药服
建瓯汤,心悸健忘,磨取铁锈浓水，煎上药服
建瓯汤,烦躁不宁,磨取铁锈浓水，煎上药服
建瓯汤,舌强言语不利,磨取铁锈浓水，煎上药服
建瓯汤,口眼歪斜,磨取铁锈浓水，煎上药服
建瓯汤,半身麻木不遂,磨取铁锈浓水，煎上药服
建瓯汤,高血压,磨取铁锈浓水，煎上药服
建瓯汤,脑梗死,磨取铁锈浓水，煎上药服
建瓯汤,心脏神经症,磨取铁锈浓水，煎上药服
建瓯汤,室性期前收缩,磨取铁锈浓水，煎上药服
建瓯汤,出血性鼻窦炎,磨取铁锈浓水，煎上药服
建瓯汤,偏头痛,磨取铁锈浓水，煎上药服
建瓯汤,顽固性呃逆,磨取铁锈浓水，煎上药服
厚朴七物汤,外感表证未罢,上药以水一斗，煮取四升。每服八合，温服日三次
厚朴七物汤,里实已成,上药以水一斗，煮取四升。每服八合，温服日三次
厚朴七物汤,腹满发热,上药以水一斗，煮取四升。每服八合，温服日三次
厚朴七物汤,大便不通,上药以水一斗，煮取四升。每服八合，温服日三次
厚朴七物汤,脉浮而数,上药以水一斗，煮取四升。每服八合，温服日三次
厚朴七物汤,急性胰腺炎,上药以水一斗，煮取四升。每服八合，温服日三次
厚朴七物汤,肠梗阻,上药以水一斗，煮取四升。每服八合，温服日三次
厚朴七物汤,消化不良,上药以水一斗，煮取四升。每服八合，温服日三次
厚朴七物汤,支气管哮喘,上药以水一斗，煮取四升。每服八合，温服日三次
厚朴七物汤,胃扭转,上药以水一斗，煮取四升。每服八合，温服日三次
厚朴七物汤,老年人习惯性便秘（热症）,上药以水一斗，煮取四升。每服八合，温服日三次
厚朴七物汤,痔疮,上药以水一斗，煮取四升。每服八合，温服日三次
厚朴七物汤,慢性结肠炎,上药以水一斗，煮取四升。每服八合，温服日三次
厚朴七物汤,慢性肠胃炎或溃疡,上药以水一斗，煮取四升。每服八合，温服日三次
厚朴七物汤,肠痉挛,上药以水一斗，煮取四升。每服八合，温服日三次
厚朴七物汤,胃痉挛,上药以水一斗，煮取四升。每服八合，温服日三次
厚朴七物汤,幽门水肿,上药以水一斗，煮取四升。每服八合，温服日三次
厚朴七物汤,肠胃型感冒,上药以水一斗，煮取四升。每服八合，温服日三次
生脉饮,久咳伤肺,水煎服。原方无剂量，按常规剂量酌定。口服液：口服，1次10毫升，每日3次。注射液：静脉滴注，1次20～60毫升，用5%葡萄糖注射液250～500毫升稀释后使用，或遵医嘱，供心肌梗死、心源性休克、感染性休克等急重病应用。
生脉饮,气阴两虚证,水煎服。原方无剂量，按常规剂量酌定。口服液：口服，1次10毫升，每日3次。注射液：静脉滴注，1次20～60毫升，用5%葡萄糖注射液250～500毫升稀释后使用，或遵医嘱，供心肌梗死、心源性休克、感染性休克等急重病应用。
生脉饮,干咳少痰,水煎服。原方无剂量，按常规剂量酌定。口服液：口服，1次10毫升，每日3次。注射液：静脉滴注，1次20～60毫升，用5%葡萄糖注射液250～500毫升稀释后使用，或遵医嘱，供心肌梗死、心源性休克、感染性休克等急重病应用。
生脉饮,短气自汗,水煎服。原方无剂量，按常规剂量酌定。口服液：口服，1次10毫升，每日3次。注射液：静脉滴注，1次20～60毫升，用5%葡萄糖注射液250～500毫升稀释后使用，或遵医嘱，供心肌梗死、心源性休克、感染性休克等急重病应用。
生脉饮,口干舌燥,水煎服。原方无剂量，按常规剂量酌定。口服液：口服，1次10毫升，每日3次。注射液：静脉滴注，1次20～60毫升，用5%葡萄糖注射液250～500毫升稀释后使用，或遵医嘱，供心肌梗死、心源性休克、感染性休克等急重病应用。
生脉饮,脉虚细,水煎服。原方无剂量，按常规剂量酌定。口服液：口服，1次10毫升，每日3次。注射液：静脉滴注，1次20～60毫升，用5%葡萄糖注射液250～500毫升稀释后使用，或遵医嘱，供心肌梗死、心源性休克、感染性休克等急重病应用。
生脉饮,暑热耗气伤阴证,水煎服。原方无剂量，按常规剂量酌定。口服液：口服，1次10毫升，每日3次。注射液：静脉滴注，1次20～60毫升，用5%葡萄糖注射液250～500毫升稀释后使用，或遵医嘱，供心肌梗死、心源性休克、感染性休克等急重病应用。
生脉饮,汗多神疲,水煎服。原方无剂量，按常规剂量酌定。口服液：口服，1次10毫升，每日3次。注射液：静脉滴注，1次20～60毫升，用5%葡萄糖注射液250～500毫升稀释后使用，或遵医嘱，供心肌梗死、心源性休克、感染性休克等急重病应用。
生脉饮,体倦乏力,水煎服。原方无剂量，按常规剂量酌定。口服液：口服，1次10毫升，每日3次。注射液：静脉滴注，1次20～60毫升，用5%葡萄糖注射液250～500毫升稀释后使用，或遵医嘱，供心肌梗死、心源性休克、感染性休克等急重病应用。
生脉饮,气短懒言,水煎服。原方无剂量，按常规剂量酌定。口服液：口服，1次10毫升，每日3次。注射液：静脉滴注，1次20～60毫升，用5%葡萄糖注射液250～500毫升稀释后使用，或遵医嘱，供心肌梗死、心源性休克、感染性休克等急重病应用。
生脉饮,咽干口渴,水煎服。原方无剂量，按常规剂量酌定。口服液：口服，1次10毫升，每日3次。注射液：静脉滴注，1次20～60毫升，用5%葡萄糖注射液250～500毫升稀释后使用，或遵医嘱，供心肌梗死、心源性休克、感染性休克等急重病应用。
生脉饮,舌干红少苔,水煎服。原方无剂量，按常规剂量酌定。口服液：口服，1次10毫升，每日3次。注射液：静脉滴注，1次20～60毫升，用5%葡萄糖注射液250～500毫升稀释后使用，或遵医嘱，供心肌梗死、心源性休克、感染性休克等急重病应用。
生脉饮,脉虚数,水煎服。原方无剂量，按常规剂量酌定。口服液：口服，1次10毫升，每日3次。注射液：静脉滴注，1次20～60毫升，用5%葡萄糖注射液250～500毫升稀释后使用，或遵医嘱，供心肌梗死、心源性休克、感染性休克等急重病应用。
生脉饮,冠心病心绞痛,水煎服。原方无剂量，按常规剂量酌定。口服液：口服，1次10毫升，每日3次。注射液：静脉滴注，1次20～60毫升，用5%葡萄糖注射液250～500毫升稀释后使用，或遵医嘱，供心肌梗死、心源性休克、感染性休克等急重病应用。
生脉饮,慢性心力衰竭,水煎服。原方无剂量，按常规剂量酌定。口服液：口服，1次10毫升，每日3次。注射液：静脉滴注，1次20～60毫升，用5%葡萄糖注射液250～500毫升稀释后使用，或遵医嘱，供心肌梗死、心源性休克、感染性休克等急重病应用。
生脉饮,扩张型心肌病,水煎服。原方无剂量，按常规剂量酌定。口服液：口服，1次10毫升，每日3次。注射液：静脉滴注，1次20～60毫升，用5%葡萄糖注射液250～500毫升稀释后使用，或遵医嘱，供心肌梗死、心源性休克、感染性休克等急重病应用。
生脉饮,缺血性中风,水煎服。原方无剂量，按常规剂量酌定。口服液：口服，1次10毫升，每日3次。注射液：静脉滴注，1次20～60毫升，用5%葡萄糖注射液250～500毫升稀释后使用，或遵医嘱，供心肌梗死、心源性休克、感染性休克等急重病应用。
生脉饮,非小细胞肺癌,水煎服。原方无剂量，按常规剂量酌定。口服液：口服，1次10毫升，每日3次。注射液：静脉滴注，1次20～60毫升，用5%葡萄糖注射液250～500毫升稀释后使用，或遵医嘱，供心肌梗死、心源性休克、感染性休克等急重病应用。
生脉饮,心血管系统疾病,水煎服。原方无剂量，按常规剂量酌定。口服液：口服，1次10毫升，每日3次。注射液：静脉滴注，1次20～60毫升，用5%葡萄糖注射液250～500毫升稀释后使用，或遵医嘱，供心肌梗死、心源性休克、感染性休克等急重病应用。
生脉饮,呼吸系统疾病,水煎服。原方无剂量，按常规剂量酌定。口服液：口服，1次10毫升，每日3次。注射液：静脉滴注，1次20～60毫升，用5%葡萄糖注射液250～500毫升稀释后使用，或遵医嘱，供心肌梗死、心源性休克、感染性休克等急重病应用。
生脉饮,急危重病属气阴两虚者,水煎服。原方无剂量，按常规剂量酌定。口服液：口服，1次10毫升，每日3次。注射液：静脉滴注，1次20～60毫升，用5%葡萄糖注射液250～500毫升稀释后使用，或遵医嘱，供心肌梗死、心源性休克、感染性休克等急重病应用。
生脉饮,热病,水煎服。原方无剂量，按常规剂量酌定。口服液：口服，1次10毫升，每日3次。注射液：静脉滴注，1次20～60毫升，用5%葡萄糖注射液250～500毫升稀释后使用，或遵医嘱，供心肌梗死、心源性休克、感染性休克等急重病应用。
生脉饮,各型休克,水煎服。原方无剂量，按常规剂量酌定。口服液：口服，1次10毫升，每日3次。注射液：静脉滴注，1次20～60毫升，用5%葡萄糖注射液250～500毫升稀释后使用，或遵医嘱，供心肌梗死、心源性休克、感染性休克等急重病应用。
生脉饮,心律失常,水煎服。原方无剂量，按常规剂量酌定。口服液：口服，1次10毫升，每日3次。注射液：静脉滴注，1次20～60毫升，用5%葡萄糖注射液250～500毫升稀释后使用，或遵医嘱，供心肌梗死、心源性休克、感染性休克等急重病应用。
生脉饮,复发性气胸,水煎服。原方无剂量，按常规剂量酌定。口服液：口服，1次10毫升，每日3次。注射液：静脉滴注，1次20～60毫升，用5%葡萄糖注射液250～500毫升稀释后使用，或遵医嘱，供心肌梗死、心源性休克、感染性休克等急重病应用。
生脉饮,心力衰竭,水煎服。原方无剂量，按常规剂量酌定。口服液：口服，1次10毫升，每日3次。注射液：静脉滴注，1次20～60毫升，用5%葡萄糖注射液250～500毫升稀释后使用，或遵医嘱，供心肌梗死、心源性休克、感染性休克等急重病应用。
生脉饮,克山病,水煎服。原方无剂量，按常规剂量酌定。口服液：口服，1次10毫升，每日3次。注射液：静脉滴注，1次20～60毫升，用5%葡萄糖注射液250～500毫升稀释后使用，或遵医嘱，供心肌梗死、心源性休克、感染性休克等急重病应用。
生脉饮,失眠,水煎服。原方无剂量，按常规剂量酌定。口服液：口服，1次10毫升，每日3次。注射液：静脉滴注，1次20～60毫升，用5%葡萄糖注射液250～500毫升稀释后使用，或遵医嘱，供心肌梗死、心源性休克、感染性休克等急重病应用。
生脉饮,新生儿硬肿症,水煎服。原方无剂量，按常规剂量酌定。口服液：口服，1次10毫升，每日3次。注射液：静脉滴注，1次20～60毫升，用5%葡萄糖注射液250～500毫升稀释后使用，或遵医嘱，供心肌梗死、心源性休克、感染性休克等急重病应用。
生脉饮,原发性血小板减少性紫癜,水煎服。原方无剂量，按常规剂量酌定。口服液：口服，1次10毫升，每日3次。注射液：静脉滴注，1次20～60毫升，用5%葡萄糖注射液250～500毫升稀释后使用，或遵医嘱，供心肌梗死、心源性休克、感染性休克等急重病应用。
生脉饮,衄血,水煎服。原方无剂量，按常规剂量酌定。口服液：口服，1次10毫升，每日3次。注射液：静脉滴注，1次20～60毫升，用5%葡萄糖注射液250～500毫升稀释后使用，或遵医嘱，供心肌梗死、心源性休克、感染性休克等急重病应用。
生脉饮,传染性单核细胞增多症,水煎服。原方无剂量，按常规剂量酌定。口服液：口服，1次10毫升，每日3次。注射液：静脉滴注，1次20～60毫升，用5%葡萄糖注射液250～500毫升稀释后使用，或遵医嘱，供心肌梗死、心源性休克、感染性休克等急重病应用。
生脉饮,糖尿病,水煎服。原方无剂量，按常规剂量酌定。口服液：口服，1次10毫升，每日3次。注射液：静脉滴注，1次20～60毫升，用5%葡萄糖注射液250～500毫升稀释后使用，或遵医嘱，供心肌梗死、心源性休克、感染性休克等急重病应用。
生脉饮,视神经萎缩,水煎服。原方无剂量，按常规剂量酌定。口服液：口服，1次10毫升，每日3次。注射液：静脉滴注，1次20～60毫升，用5%葡萄糖注射液250～500毫升稀释后使用，或遵医嘱，供心肌梗死、心源性休克、感染性休克等急重病应用。
生脉饮,虚劳,水煎服。原方无剂量，按常规剂量酌定。口服液：口服，1次10毫升，每日3次。注射液：静脉滴注，1次20～60毫升，用5%葡萄糖注射液250～500毫升稀释后使用，或遵医嘱，供心肌梗死、心源性休克、感染性休克等急重病应用。
生脉饮,手术后调理,水煎服。原方无剂量，按常规剂量酌定。口服液：口服，1次10毫升，每日3次。注射液：静脉滴注，1次20～60毫升，用5%葡萄糖注射液250～500毫升稀释后使用，或遵医嘱，供心肌梗死、心源性休克、感染性休克等急重病应用。
生脉饮,预防高原低氧对心肺的损害,水煎服。原方无剂量，按常规剂量酌定。口服液：口服，1次10毫升，每日3次。注射液：静脉滴注，1次20～60毫升，用5%葡萄糖注射液250～500毫升稀释后使用，或遵医嘱，供心肌梗死、心源性休克、感染性休克等急重病应用。
龟鹿二仙胶,真元虚损,上药熬成膏。每服初起一钱五分，十日加五分，加至二钱止，空心酒化下，常服乃可；现代用法：初服酒服4.5克，渐加至9克。空腹时服用。
龟鹿二仙胶,精血不足证,上药熬成膏。每服初起一钱五分，十日加五分，加至二钱止，空心酒化下，常服乃可；现代用法：初服酒服4.5克，渐加至9克。空腹时服用。
龟鹿二仙胶,腰膝酸软,上药熬成膏。每服初起一钱五分，十日加五分，加至二钱止，空心酒化下，常服乃可；现代用法：初服酒服4.5克，渐加至9克。空腹时服用。
龟鹿二仙胶,形体消瘦,上药熬成膏。每服初起一钱五分，十日加五分，加至二钱止，空心酒化下，常服乃可；现代用法：初服酒服4.5克，渐加至9克。空腹时服用。
龟鹿二仙胶,两目昏花,上药熬成膏。每服初起一钱五分，十日加五分，加至二钱止，空心酒化下，常服乃可；现代用法：初服酒服4.5克，渐加至9克。空腹时服用。
龟鹿二仙胶,发脱齿摇,上药熬成膏。每服初起一钱五分，十日加五分，加至二钱止，空心酒化下，常服乃可；现代用法：初服酒服4.5克，渐加至9克。空腹时服用。
龟鹿二仙胶,阳痿遗精,上药熬成膏。每服初起一钱五分，十日加五分，加至二钱止，空心酒化下，常服乃可；现代用法：初服酒服4.5克，渐加至9克。空腹时服用。
龟鹿二仙胶,久不孕育,上药熬成膏。每服初起一钱五分，十日加五分，加至二钱止，空心酒化下，常服乃可；现代用法：初服酒服4.5克，渐加至9克。空腹时服用。
龟鹿二仙胶,重症贫血症,上药熬成膏。每服初起一钱五分，十日加五分，加至二钱止，空心酒化下，常服乃可；现代用法：初服酒服4.5克，渐加至9克。空腹时服用。
龟鹿二仙胶,老年性痴呆,上药熬成膏。每服初起一钱五分，十日加五分，加至二钱止，空心酒化下，常服乃可；现代用法：初服酒服4.5克，渐加至9克。空腹时服用。
龟鹿二仙胶,男性精液异常,上药熬成膏。每服初起一钱五分，十日加五分，加至二钱止，空心酒化下，常服乃可；现代用法：初服酒服4.5克，渐加至9克。空腹时服用。
龟鹿二仙胶,青春期崩漏,上药熬成膏。每服初起一钱五分，十日加五分，加至二钱止，空心酒化下，常服乃可；现代用法：初服酒服4.5克，渐加至9克。空腹时服用。
龟鹿二仙胶,血小板减少症,上药熬成膏。每服初起一钱五分，十日加五分，加至二钱止，空心酒化下，常服乃可；现代用法：初服酒服4.5克，渐加至9克。空腹时服用。
龟鹿二仙胶,绝经后妇女不稳定型心绞痛,上药熬成膏。每服初起一钱五分，十日加五分，加至二钱止，空心酒化下，常服乃可；现代用法：初服酒服4.5克，渐加至9克。空腹时服用。
龟鹿二仙胶,自发性气胸,上药熬成膏。每服初起一钱五分，十日加五分，加至二钱止，空心酒化下，常服乃可；现代用法：初服酒服4.5克，渐加至9克。空腹时服用。
龟鹿二仙胶,膝关节骨性关节炎,上药熬成膏。每服初起一钱五分，十日加五分，加至二钱止，空心酒化下，常服乃可；现代用法：初服酒服4.5克，渐加至9克。空腹时服用。
开郁种玉汤,不孕症,水煎服。
开郁种玉汤,月经不调,水煎服。
开郁种玉汤,经前乳房胀痛,水煎服。
开郁种玉汤,肋间神经痛,水煎服。
三甲复脉汤,心律失常,水煎服。
三甲复脉汤,高血压,水煎服。
三甲复脉汤,血管性痴呆,水煎服。
三甲复脉汤,骨质疏松,水煎服。
三甲复脉汤,皮肤瘙痒症,水煎服。
三甲复脉汤,围绝经期综合征,水煎服。
三甲复脉汤,面肌抽搐,水煎服。
三甲复脉汤,脑动脉硬化,水煎服。
三甲复脉汤,脑动脉硬化性头痛,水煎服。
三甲复脉汤,甲状腺功能亢进症,水煎服。
三甲复脉汤,桥本甲状腺炎,水煎服。
二甲复脉汤,温病热邪深入下焦,上药用水800毫升，煮取640毫升，分三次服。
二甲复脉汤,脉象沉数,上药用水800毫升，煮取640毫升，分三次服。
二甲复脉汤,舌干齿黑,上药用水800毫升，煮取640毫升，分三次服。
二甲复脉汤,手指微微蠕动,上药用水800毫升，煮取640毫升，分三次服。
二甲复脉汤,有发痉厥之势,上药用水800毫升，煮取640毫升，分三次服。
二甲复脉汤,痉厥己作,上药用水800毫升，煮取640毫升，分三次服。
一甲复脉汤,下焦温病,上药以水800毫升，煮取300毫升，分二次服。
一甲复脉汤,热邪伤阴,上药以水800毫升，煮取300毫升，分二次服。
一甲复脉汤,大便溏,上药以水800毫升，煮取300毫升，分二次服。
一甲复脉汤,温病后期,上药以水800毫升，煮取300毫升，分二次服。
一甲复脉汤,阴液亏虚证,上药以水800毫升，煮取300毫升，分二次服。
一甲复脉汤,面赤身热,上药以水800毫升，煮取300毫升，分二次服。
一甲复脉汤,手足心热,上药以水800毫升，煮取300毫升，分二次服。
一甲复脉汤,口舌干燥,上药以水800毫升，煮取300毫升，分二次服。
一甲复脉汤,神疲乏力,上药以水800毫升，煮取300毫升，分二次服。
一甲复脉汤,大便溏泄,上药以水800毫升，煮取300毫升，分二次服。
一甲复脉汤,舌质鲜红,上药以水800毫升，煮取300毫升，分二次服。
一甲复脉汤,脉虚大,上药以水800毫升，煮取300毫升，分二次服。
一甲复脉汤,内科杂病,上药以水800毫升，煮取300毫升，分二次服。
一甲复脉汤,温热病后期阴液亏虚证,上药以水800毫升，煮取300毫升，分二次服。
一甲复脉汤,甲状腺功能亢进致心悸不宁,上药以水800毫升，煮取300毫升，分二次服。
一甲复脉汤,夜不能寐,上药以水800毫升，煮取300毫升，分二次服。
助仙丹,脾肾两虚所致的闭经,水煎服。
助仙丹,月经数月一行,水煎服。
助仙丹,量多或量少,水煎服。
助仙丹,色淡,水煎服。
助仙丹,质稀,水煎服。
助仙丹,倦怠乏力,水煎服。
助仙丹,气短神疲,水煎服。
助仙丹,纳呆便溏,水煎服。
助仙丹,头晕耳鸣,水煎服。
助仙丹,腰膝酸楚,水煎服。
助仙丹,夜间尿频,水煎服。
益经汤,妇女心、肝、脾经气郁,水煎服
益经汤,年未七七，经水先断者,水煎服
益经汤,闭经,水煎服
益经汤,月经量渐少,水煎服
益经汤,周期不定而至停闭,水煎服
益经汤,腰膝酸软,水煎服
益经汤,头晕耳鸣,水煎服
益经汤,失眠健忘,水煎服
益经汤,心悸怔忡,水煎服
益经汤,少腹胀满,水煎服
益经汤,食少便溏,水煎服
益经汤,心烦易怒,水煎服
理中汤,脾胃虚寒证,水煎服，也可炼蜜为丸，名理中丸。
理中汤,自利不渴,水煎服，也可炼蜜为丸，名理中丸。
理中汤,呕吐腹痛,水煎服，也可炼蜜为丸，名理中丸。
理中汤,腹满不食,水煎服，也可炼蜜为丸，名理中丸。
理中汤,中寒霍乱,水煎服，也可炼蜜为丸，名理中丸。
理中汤,阳虚失血,水煎服，也可炼蜜为丸，名理中丸。
理中汤,吐血,水煎服，也可炼蜜为丸，名理中丸。
理中汤,便血,水煎服，也可炼蜜为丸，名理中丸。
理中汤,崩漏,水煎服，也可炼蜜为丸，名理中丸。
理中汤,胸痞虚证,水煎服，也可炼蜜为丸，名理中丸。
理中汤,胸痛彻背,水煎服，也可炼蜜为丸，名理中丸。
理中汤,倦怠少气,水煎服，也可炼蜜为丸，名理中丸。
理中汤,四肢不温,水煎服，也可炼蜜为丸，名理中丸。
理中汤,急、慢性胃炎,水煎服，也可炼蜜为丸，名理中丸。
理中汤,胃窦炎,水煎服，也可炼蜜为丸，名理中丸。
理中汤,溃疡病,水煎服，也可炼蜜为丸，名理中丸。
理中汤,胃下垂,水煎服，也可炼蜜为丸，名理中丸。
理中汤,慢性肝炎,水煎服，也可炼蜜为丸，名理中丸。
麻黄附子甘草汤,少阴病,上三味，以水七升，先煮麻黄一两沸，去上沫，内诸药，煮取三升，去滓。温服一升，日三服。
麻黄附子甘草汤,恶寒身疼,上三味，以水七升，先煮麻黄一两沸，去上沫，内诸药，煮取三升，去滓。温服一升，日三服。
麻黄附子甘草汤,无汗,上三味，以水七升，先煮麻黄一两沸，去上沫，内诸药，煮取三升，去滓。温服一升，日三服。
麻黄附子甘草汤,微发热,上三味，以水七升，先煮麻黄一两沸，去上沫，内诸药，煮取三升，去滓。温服一升，日三服。
麻黄附子甘草汤,脉沉微,上三味，以水七升，先煮麻黄一两沸，去上沫，内诸药，煮取三升，去滓。温服一升，日三服。
麻黄附子甘草汤,心动过缓,上三味，以水七升，先煮麻黄一两沸，去上沫，内诸药，煮取三升，去滓。温服一升，日三服。
麻黄附子甘草汤,心肌缺血,上三味，以水七升，先煮麻黄一两沸，去上沫，内诸药，煮取三升，去滓。温服一升，日三服。
麻黄附子甘草汤,风湿性心脏病,上三味，以水七升，先煮麻黄一两沸，去上沫，内诸药，煮取三升，去滓。温服一升，日三服。
麻黄附子甘草汤,坐骨神经痛,上三味，以水七升，先煮麻黄一两沸，去上沫，内诸药，煮取三升，去滓。温服一升，日三服。
麻黄附子甘草汤,神经性头痛,上三味，以水七升，先煮麻黄一两沸，去上沫，内诸药，煮取三升，去滓。温服一升，日三服。
桂枝加附子汤,伤寒表阳虚弱,水煎服
桂枝加附子汤,恶风发热,水煎服
桂枝加附子汤,汗漏不止,水煎服
桂枝加附子汤,四肢微急,水煎服
桂枝加附子汤,难以屈伸,水煎服
桂枝加附子汤,小便难,水煎服
桂枝加附子汤,盗汗,水煎服
桂枝加附子汤,慢性鼻炎,水煎服
桂枝加附子汤,疼痛,水煎服
桂枝加附子汤,室性早搏,水煎服
桂枝加附子汤,更年期综合征,水煎服
桂枝加附子汤,漏汗,水煎服
桂枝加附子汤,自汗,水煎服
桂枝加附子汤,遗尿,水煎服
桂枝加附子汤,鼻衄,水煎服
桂枝加附子汤,头痛,水煎服
桂枝加附子汤,性功能减退,水煎服
桂枝加附子汤,低热,水煎服
桂枝加附子汤,不寐,水煎服
桂枝加附子汤,瘾疹,水煎服
导痰汤,痰厥,上药㕮咀，每服四钱(12克)，水二盏，生姜十片，煎至八分，去滓，温服，食后
导痰汤,头目眩晕,上药㕮咀，每服四钱(12克)，水二盏，生姜十片，煎至八分，去滓，温服，食后
导痰汤,痰饮壅盛,上药㕮咀，每服四钱(12克)，水二盏，生姜十片，煎至八分，去滓，温服，食后
导痰汤,胸膈痞塞,上药㕮咀，每服四钱(12克)，水二盏，生姜十片，煎至八分，去滓，温服，食后
导痰汤,胁肋胀满,上药㕮咀，每服四钱(12克)，水二盏，生姜十片，煎至八分，去滓，温服，食后
导痰汤,头痛吐逆,上药㕮咀，每服四钱(12克)，水二盏，生姜十片，煎至八分，去滓，温服，食后
导痰汤,喘急痰嗽,上药㕮咀，每服四钱(12克)，水二盏，生姜十片，煎至八分，去滓，温服，食后
导痰汤,涕唾稠黏,上药㕮咀，每服四钱(12克)，水二盏，生姜十片，煎至八分，去滓，温服，食后
导痰汤,坐卧不安,上药㕮咀，每服四钱(12克)，水二盏，生姜十片，煎至八分，去滓，温服，食后
导痰汤,不思饮食,上药㕮咀，每服四钱(12克)，水二盏，生姜十片，煎至八分，去滓，温服，食后
导痰汤,脑卒中,上药㕮咀，每服四钱(12克)，水二盏，生姜十片，煎至八分，去滓，温服，食后
导痰汤,卒中后抑郁症,上药㕮咀，每服四钱(12克)，水二盏，生姜十片，煎至八分，去滓，温服，食后
导痰汤,心绞痛,上药㕮咀，每服四钱(12克)，水二盏，生姜十片，煎至八分，去滓，温服，食后
导痰汤,慢性胃炎,上药㕮咀，每服四钱(12克)，水二盏，生姜十片，煎至八分，去滓，温服，食后
导痰汤,颈椎病,上药㕮咀，每服四钱(12克)，水二盏，生姜十片，煎至八分，去滓，温服，食后
导痰汤,椎基底动脉供血不足,上药㕮咀，每服四钱(12克)，水二盏，生姜十片，煎至八分，去滓，温服，食后
导痰汤,非酒精性脂肪肝,上药㕮咀，每服四钱(12克)，水二盏，生姜十片，煎至八分，去滓，温服，食后
导痰汤,高脂血症,上药㕮咀，每服四钱(12克)，水二盏，生姜十片，煎至八分，去滓，温服，食后
导痰汤,慢性精神分裂症,上药㕮咀，每服四钱(12克)，水二盏，生姜十片，煎至八分，去滓，温服，食后
导痰汤,肥胖型糖耐量异常,上药㕮咀，每服四钱(12克)，水二盏，生姜十片，煎至八分，去滓，温服，食后
导痰汤,不孕症,上药㕮咀，每服四钱(12克)，水二盏，生姜十片，煎至八分，去滓，温服，食后
导痰汤,复发性多软骨炎,上药㕮咀，每服四钱(12克)，水二盏，生姜十片，煎至八分，去滓，温服，食后
导痰汤,帕金森病,上药㕮咀，每服四钱(12克)，水二盏，生姜十片，煎至八分，去滓，温服，食后
麻桂各半汤,急慢性荨麻疹,"水煎2~3次，分2~3次服下,1日1剂.
生姜为引，水煎服。
水煎服。"
麻桂各半汤,咳嗽,"水煎2~3次，分2~3次服下,1日1剂.
生姜为引，水煎服。
水煎服。"
麻桂各半汤,大喘气,"水煎2~3次，分2~3次服下,1日1剂.
生姜为引，水煎服。
水煎服。"
麻桂各半汤,过敏性鼻炎,"水煎2~3次，分2~3次服下,1日1剂.
生姜为引，水煎服。
水煎服。"
麻桂各半汤,颈椎病,"水煎2~3次，分2~3次服下,1日1剂.
生姜为引，水煎服。
水煎服。"
麻桂各半汤,寻常型银屑病,"水煎2~3次，分2~3次服下,1日1剂.
生姜为引，水煎服。
水煎服。"
麻桂各半汤,尿毒症,"水煎2~3次，分2~3次服下,1日1剂.
生姜为引，水煎服。
水煎服。"
麻桂各半汤,风寒伴腹痛型荨麻疹,"水煎2~3次，分2~3次服下,1日1剂.
生姜为引，水煎服。
水煎服。"
麻桂各半汤,痱子,"水煎2~3次，分2~3次服下,1日1剂.
生姜为引，水煎服。
水煎服。"
麻桂各半汤,瘾疹,"水煎2~3次，分2~3次服下,1日1剂.
生姜为引，水煎服。
水煎服。"
麻桂各半汤,皮肤瘙痒症,"水煎2~3次，分2~3次服下,1日1剂.
生姜为引，水煎服。
水煎服。"
麻桂各半汤,痒疹,"水煎2~3次，分2~3次服下,1日1剂.
生姜为引，水煎服。
水煎服。"
升麻葛根汤,麻疹初起,上为粗末。每服三钱（9克），用水一盏半，煎取一中盏，去滓，稍热服，不拘时候，一日二三次。以病气去，身清凉为度（现代用法：作汤剂，水煎服，用量按原方比例酌减）。
升麻葛根汤,疹发不出,上为粗末。每服三钱（9克），用水一盏半，煎取一中盏，去滓，稍热服，不拘时候，一日二三次。以病气去，身清凉为度（现代用法：作汤剂，水煎服，用量按原方比例酌减）。
升麻葛根汤,身热头痛,上为粗末。每服三钱（9克），用水一盏半，煎取一中盏，去滓，稍热服，不拘时候，一日二三次。以病气去，身清凉为度（现代用法：作汤剂，水煎服，用量按原方比例酌减）。
升麻葛根汤,咳嗽,上为粗末。每服三钱（9克），用水一盏半，煎取一中盏，去滓，稍热服，不拘时候，一日二三次。以病气去，身清凉为度（现代用法：作汤剂，水煎服，用量按原方比例酌减）。
升麻葛根汤,目赤流泪,上为粗末。每服三钱（9克），用水一盏半，煎取一中盏，去滓，稍热服，不拘时候，一日二三次。以病气去，身清凉为度（现代用法：作汤剂，水煎服，用量按原方比例酌减）。
升麻葛根汤,口渴,上为粗末。每服三钱（9克），用水一盏半，煎取一中盏，去滓，稍热服，不拘时候，一日二三次。以病气去，身清凉为度（现代用法：作汤剂，水煎服，用量按原方比例酌减）。
升麻葛根汤,舌红,上为粗末。每服三钱（9克），用水一盏半，煎取一中盏，去滓，稍热服，不拘时候，一日二三次。以病气去，身清凉为度（现代用法：作汤剂，水煎服，用量按原方比例酌减）。
升麻葛根汤,苔薄而干,上为粗末。每服三钱（9克），用水一盏半，煎取一中盏，去滓，稍热服，不拘时候，一日二三次。以病气去，身清凉为度（现代用法：作汤剂，水煎服，用量按原方比例酌减）。
升麻葛根汤,脉浮数,上为粗末。每服三钱（9克），用水一盏半，煎取一中盏，去滓，稍热服，不拘时候，一日二三次。以病气去，身清凉为度（现代用法：作汤剂，水煎服，用量按原方比例酌减）。
升麻葛根汤,带状疱疹,上为粗末。每服三钱（9克），用水一盏半，煎取一中盏，去滓，稍热服，不拘时候，一日二三次。以病气去，身清凉为度（现代用法：作汤剂，水煎服，用量按原方比例酌减）。
升麻葛根汤,单纯性疮疹,上为粗末。每服三钱（9克），用水一盏半，煎取一中盏，去滓，稍热服，不拘时候，一日二三次。以病气去，身清凉为度（现代用法：作汤剂，水煎服，用量按原方比例酌减）。
升麻葛根汤,水痘,上为粗末。每服三钱（9克），用水一盏半，煎取一中盏，去滓，稍热服，不拘时候，一日二三次。以病气去，身清凉为度（现代用法：作汤剂，水煎服，用量按原方比例酌减）。
升麻葛根汤,腹泻,上为粗末。每服三钱（9克），用水一盏半，煎取一中盏，去滓，稍热服，不拘时候，一日二三次。以病气去，身清凉为度（现代用法：作汤剂，水煎服，用量按原方比例酌减）。
升麻葛根汤,急性细菌性痢疾,上为粗末。每服三钱（9克），用水一盏半，煎取一中盏，去滓，稍热服，不拘时候，一日二三次。以病气去，身清凉为度（现代用法：作汤剂，水煎服，用量按原方比例酌减）。
海浮散,疮疡溃后，脓毒将尽,放箬皮上去净油，研为极细末。掺患处。恶肉自消。
海浮散,乳癌溃破,放箬皮上去净油，研为极细末。掺患处。恶肉自消。
葶苈大枣泻肺汤,肺痈喘不得卧,水煎服。
葶苈大枣泻肺汤,痰涎壅盛,水煎服。
葶苈大枣泻肺汤,咳喘胸胀不得卧,水煎服。
葶苈大枣泻肺汤,一身面目浮肿,水煎服。
葶苈大枣泻肺汤,鼻塞清涕出,水煎服。
葶苈大枣泻肺汤,不闻香臭酸辛,水煎服。
葶苈大枣泻肺汤,咳逆上气,水煎服。
葶苈大枣泻肺汤,喘鸣迫塞,水煎服。
葶苈大枣泻肺汤,支饮胸满,水煎服。
葶苈大枣泻肺汤,心悸,水煎服。
葶苈大枣泻肺汤,面目浮肿,水煎服。
葶苈大枣泻肺汤,苔腻,水煎服。
葶苈大枣泻肺汤,脉弦滑,水煎服。
葶苈大枣泻肺汤,病毒性肺炎,水煎服。
葶苈大枣泻肺汤,肺心病,水煎服。
葶苈大枣泻肺汤,结核性胸腔积液,水煎服。
葶苈大枣泻肺汤,心力衰竭,水煎服。
